county,state_name,csa,csa_state
Brown County,South Dakota,,
Edmunds County,South Dakota,,
Grays Harbor County,Washington,,
Callahan County,Texas,,
Jones County,Texas,,
Taylor County,Texas,,
Pontotoc County,Oklahoma,,
Lenawee County,Michigan,Detroit-Warren-Ann Arbor,MI
Lenawee County,Michigan,Detroit-Warren-Ann Arbor,MI
Aguada Municipio,Puerto Rico,,
Aguadilla Municipio,Puerto Rico,,
Añasco Municipio,Puerto Rico,Mayagüez-San Germán,PR
Añasco Municipio,Puerto Rico,,
Isabela Municipio,Puerto Rico,,
Lares Municipio,Puerto Rico,,
Moca Municipio,Puerto Rico,,
Rincón Municipio,Puerto Rico,,
San Sebastián Municipio,Puerto Rico,,
Utuado Municipio,Puerto Rico,,
Portage County,Ohio,Cleveland-Akron-Canton,OH
Summit County,Ohio,Cleveland-Akron-Canton,OH
Otero County,New Mexico,,
Dougherty County,Georgia,,
Lee County,Georgia,,
Terrell County,Georgia,,
Worth County,Georgia,,
Linn County,Oregon,Portland-Vancouver-Salem,OR-WA
Albany County,New York,Albany-Schenectady,NY
Rensselaer County,New York,Albany-Schenectady,NY
Saratoga County,New York,Albany-Schenectady,NY
Schenectady County,New York,Albany-Schenectady,NY
Schoharie County,New York,Albany-Schenectady,NY
Stanly County,North Carolina,Charlotte-Concord,NC-SC
Stanly County,North Carolina,Charlotte-Concord,NC-SC
Freeborn County,Minnesota,,
Marshall County,Alabama,,
Bernalillo County,New Mexico,Albuquerque-Santa Fe-Las Vegas,NM
Sandoval County,New Mexico,Albuquerque-Santa Fe-Las Vegas,NM
Torrance County,New Mexico,Albuquerque-Santa Fe-Las Vegas,NM
Valencia County,New Mexico,Albuquerque-Santa Fe-Las Vegas,NM
Coosa County,Alabama,Montgomery-Selma-Alexander City,AL
Tallapoosa County,Alabama,Montgomery-Selma-Alexander City,AL
Grant Parish,Louisiana,,
Rapides Parish,Louisiana,,
Douglas County,Minnesota,,
Duval County,Texas,Corpus Christi-Kingsville-Alice,TX
Jim Wells County,Texas,Corpus Christi-Kingsville-Alice,TX
Warren County,New Jersey,New York-Newark,NY-NJ-CT-PA
Warren County,New Jersey,,
Carbon County,Pennsylvania,,
Lehigh County,Pennsylvania,,
Northampton County,Pennsylvania,,
Gratiot County,Michigan,Mount Pleasant-Alma,MI
Alpena County,Michigan,,
Blair County,Pennsylvania,Altoona-Huntingdon,PA
Jackson County,Oklahoma,,
Armstrong County,Texas,Amarillo-Pampa-Borger,TX
Carson County,Texas,Amarillo-Pampa-Borger,TX
Oldham County,Texas,Amarillo-Pampa-Borger,TX
Potter County,Texas,Amarillo-Pampa-Borger,TX
Randall County,Texas,Amarillo-Pampa-Borger,TX
Schley County,Georgia,,
Sumter County,Georgia,,
Boone County,Iowa,Des Moines-Ames-West Des Moines,IA
Story County,Iowa,Des Moines-Ames-West Des Moines,IA
Montgomery County,New York,Albany-Schenectady,NY
Montgomery County,New York,Albany-Schenectady,NY
Anchorage Municipality,Alaska,,
Matanuska-Susitna Borough,Alaska,,
Andrews County,Texas,,
Steuben County,Indiana,Fort Wayne-Huntington-Auburn,IN
Washtenaw County,Michigan,Detroit-Warren-Ann Arbor,MI
Calhoun County,Alabama,,
Calumet County,Wisconsin,Appleton-Oshkosh-Neenah,WI
Outagamie County,Wisconsin,Appleton-Oshkosh-Neenah,WI
DeSoto County,Florida,North Port-Sarasota,FL
Carter County,Oklahoma,,
Love County,Oklahoma,,
Arecibo Municipio,Puerto Rico,San Juan-Bayamón,PR
Camuy Municipio,Puerto Rico,San Juan-Bayamón,PR
Hatillo Municipio,Puerto Rico,San Juan-Bayamón,PR
Quebradillas Municipio,Puerto Rico,San Juan-Bayamón,PR
Clark County,Arkansas,,
Buncombe County,North Carolina,Asheville-Marion-Brevard,NC
Haywood County,North Carolina,Asheville-Marion-Brevard,NC
Henderson County,North Carolina,Asheville-Marion-Brevard,NC
Madison County,North Carolina,Asheville-Marion-Brevard,NC
Ashland County,Ohio,Mansfield-Ashland-Bucyrus,OH
Ashtabula County,Ohio,Cleveland-Akron-Canton,OH
Ashtabula County,Ohio,Cleveland-Akron-Canton,OH
Clatsop County,Oregon,,
Atchison County,Kansas,Kansas City-Overland Park-Kansas City,MO-KS
Athens County,Ohio,,
McMinn County,Tennessee,Chattanooga-Cleveland-Dalton,TN-GA
Henderson County,Texas,Dallas-Fort Worth,TX-OK
Henderson County,Texas,Dallas-Fort Worth,TX-OK
Clarke County,Georgia,Atlanta--Athens-Clarke County--Sandy Springs,GA-AL
Madison County,Georgia,Atlanta--Athens-Clarke County--Sandy Springs,GA-AL
Oconee County,Georgia,Atlanta--Athens-Clarke County--Sandy Springs,GA-AL
Oglethorpe County,Georgia,Atlanta--Athens-Clarke County--Sandy Springs,GA-AL
Barrow County,Georgia,Atlanta--Athens-Clarke County--Sandy Springs,GA-AL
Bartow County,Georgia,Atlanta--Athens-Clarke County--Sandy Springs,GA-AL
Butts County,Georgia,Atlanta--Athens-Clarke County--Sandy Springs,GA-AL
Carroll County,Georgia,Atlanta--Athens-Clarke County--Sandy Springs,GA-AL
Cherokee County,Georgia,Atlanta--Athens-Clarke County--Sandy Springs,GA-AL
Clayton County,Georgia,Atlanta--Athens-Clarke County--Sandy Springs,GA-AL
Cobb County,Georgia,Atlanta--Athens-Clarke County--Sandy Springs,GA-AL
Coweta County,Georgia,Atlanta--Athens-Clarke County--Sandy Springs,GA-AL
Dawson County,Georgia,Atlanta--Athens-Clarke County--Sandy Springs,GA-AL
DeKalb County,Georgia,Atlanta--Athens-Clarke County--Sandy Springs,GA-AL
Douglas County,Georgia,Atlanta--Athens-Clarke County--Sandy Springs,GA-AL
Fayette County,Georgia,Atlanta--Athens-Clarke County--Sandy Springs,GA-AL
Forsyth County,Georgia,Atlanta--Athens-Clarke County--Sandy Springs,GA-AL
Fulton County,Georgia,Atlanta--Athens-Clarke County--Sandy Springs,GA-AL
Gwinnett County,Georgia,Atlanta--Athens-Clarke County--Sandy Springs,GA-AL
Haralson County,Georgia,Atlanta--Athens-Clarke County--Sandy Springs,GA-AL
Heard County,Georgia,Atlanta--Athens-Clarke County--Sandy Springs,GA-AL
Henry County,Georgia,Atlanta--Athens-Clarke County--Sandy Springs,GA-AL
Jasper County,Georgia,Atlanta--Athens-Clarke County--Sandy Springs,GA-AL
Lamar County,Georgia,Atlanta--Athens-Clarke County--Sandy Springs,GA-AL
Meriwether County,Georgia,Atlanta--Athens-Clarke County--Sandy Springs,GA-AL
Morgan County,Georgia,Atlanta--Athens-Clarke County--Sandy Springs,GA-AL
Newton County,Georgia,Atlanta--Athens-Clarke County--Sandy Springs,GA-AL
Paulding County,Georgia,Atlanta--Athens-Clarke County--Sandy Springs,GA-AL
Pickens County,Georgia,Atlanta--Athens-Clarke County--Sandy Springs,GA-AL
Pike County,Georgia,Atlanta--Athens-Clarke County--Sandy Springs,GA-AL
Rockdale County,Georgia,Atlanta--Athens-Clarke County--Sandy Springs,GA-AL
Spalding County,Georgia,Atlanta--Athens-Clarke County--Sandy Springs,GA-AL
Walton County,Georgia,Atlanta--Athens-Clarke County--Sandy Springs,GA-AL
Atlantic County,New Jersey,Philadelphia-Reading-Camden,PA-NJ-DE-MD
Escambia County,Alabama,Pensacola-Ferry Pass,FL-AL
DeKalb County,Indiana,Fort Wayne-Huntington-Auburn,IN
DeKalb County,Indiana,Fort Wayne-Huntington-Auburn,IN
Cayuga County,New York,Syracuse-Auburn,NY
Cayuga County,New York,Syracuse-Auburn,NY
Lee County,Alabama,Columbus-Auburn-Opelika,GA-AL
Burke County,Georgia,,
Columbia County,Georgia,,
Lincoln County,Georgia,,
McDuffie County,Georgia,,
Richmond County,Georgia,,
Aiken County,South Carolina,,
Edgefield County,South Carolina,,
Kennebec County,Maine,,
Mower County,Minnesota,Rochester-Austin,MN
Bastrop County,Texas,,
Caldwell County,Texas,,
Hays County,Texas,,
Travis County,Texas,,
Williamson County,Texas,,
Decatur County,Georgia,,
Kern County,California,,
Anne Arundel County,Maryland,Washington-Baltimore-Arlington,DC-MD-VA-WV-PA
Baltimore County,Maryland,Washington-Baltimore-Arlington,DC-MD-VA-WV-PA
Carroll County,Maryland,Washington-Baltimore-Arlington,DC-MD-VA-WV-PA
Harford County,Maryland,Washington-Baltimore-Arlington,DC-MD-VA-WV-PA
Howard County,Maryland,Washington-Baltimore-Arlington,DC-MD-VA-WV-PA
Queen Anne's County,Maryland,Washington-Baltimore-Arlington,DC-MD-VA-WV-PA
Baltimore city,Maryland,Washington-Baltimore-Arlington,DC-MD-VA-WV-PA
Penobscot County,Maine,,
Sauk County,Wisconsin,Madison-Janesville-Beloit,WI
Nelson County,Kentucky,Louisville/Jefferson County--Elizabethtown--Bardstown,KY-IN
Barnstable County,Massachusetts,Boston-Worcester-Providence,MA-RI-NH-CT
Washington County,Vermont,Burlington-South Burlington-Barre,VT
Washington County,Oklahoma,Tulsa-Muskogee-Bartlesville,OK
Genesee County,New York,Rochester-Batavia-Seneca Falls,NY
Genesee County,New York,Rochester-Batavia-Seneca Falls,NY
Independence County,Arkansas,,
Sharp County,Arkansas,,
Ascension Parish,Louisiana,,
Assumption Parish,Louisiana,,
East Baton Rouge Parish,Louisiana,,
East Feliciana Parish,Louisiana,,
Iberville Parish,Louisiana,,
Livingston Parish,Louisiana,,
Pointe Coupee Parish,Louisiana,,
St. Helena Parish,Louisiana,,
West Baton Rouge Parish,Louisiana,,
West Feliciana Parish,Louisiana,,
Calhoun County,Michigan,Kalamazoo-Battle Creek-Portage,MI
Calhoun County,Michigan,Kalamazoo-Battle Creek-Portage,MI
Bay County,Michigan,Saginaw-Midland-Bay City,MI
Bay County,Michigan,Saginaw-Midland-Bay City,MI
Matagorda County,Texas,Houston-The Woodlands,TX
Gage County,Nebraska,Lincoln-Beatrice,NE
Hardin County,Texas,,
Jefferson County,Texas,,
Orange County,Texas,,
Dodge County,Wisconsin,Milwaukee-Racine-Waukesha,WI
Fayette County,West Virginia,,
Raleigh County,West Virginia,,
Lawrence County,Indiana,Bloomington-Bedford,IN
Bee County,Texas,,
Logan County,Ohio,Columbus-Marion-Zanesville,OH
Whatcom County,Washington,,
Beltrami County,Minnesota,,
Deschutes County,Oregon,Bend-Prineville,OR
Marlboro County,South Carolina,,
Bennington County,Vermont,,
Coos County,New Hampshire,,
Mecosta County,Michigan,Grand Rapids-Kentwood-Muskegon,MI
Howard County,Texas,,
Wise County,Virginia,,
Norton city,Virginia,,
Carbon County,Montana,,
Stillwater County,Montana,,
Yellowstone County,Montana,,
Broome County,New York,,
Tioga County,New York,,
Bibb County,Alabama,Birmingham-Hoover-Talladega,AL
Blount County,Alabama,Birmingham-Hoover-Talladega,AL
Chilton County,Alabama,Birmingham-Hoover-Talladega,AL
Jefferson County,Alabama,Birmingham-Hoover-Talladega,AL
St. Clair County,Alabama,Birmingham-Hoover-Talladega,AL
Shelby County,Alabama,Birmingham-Hoover-Talladega,AL
Burleigh County,North Dakota,,
Morton County,North Dakota,,
Oliver County,North Dakota,,
Bingham County,Idaho,Idaho Falls-Rexburg-Blackfoot,ID
Giles County,Virginia,,
Montgomery County,Virginia,,
Pulaski County,Virginia,,
Radford city,Virginia,,
McLean County,Illinois,Bloomington-Pontiac,IL
Monroe County,Indiana,Bloomington-Bedford,IN
Owen County,Indiana,Bloomington-Bedford,IN
Columbia County,Pennsylvania,,
Columbia County,Pennsylvania,Bloomsburg-Berwick-Sunbury,PA
Montour County,Pennsylvania,Bloomsburg-Berwick-Sunbury,PA
Bland County,Virginia,,
Tazewell County,Virginia,,
Mercer County,West Virginia,,
Wells County,Indiana,Fort Wayne-Huntington-Auburn,IN
Wells County,Indiana,Fort Wayne-Huntington-Auburn,IN
Mississippi County,Arkansas,,
Washington Parish,Louisiana,New Orleans-Metairie-Hammond,LA-MS
Ada County,Idaho,Boise City-Mountain Home-Ontario,ID-OR
Boise County,Idaho,Boise City-Mountain Home-Ontario,ID-OR
Canyon County,Idaho,Boise City-Mountain Home-Ontario,ID-OR
Gem County,Idaho,Boise City-Mountain Home-Ontario,ID-OR
Owyhee County,Idaho,Boise City-Mountain Home-Ontario,ID-OR
Fannin County,Texas,Dallas-Fort Worth,TX-OK
Watauga County,North Carolina,,
Hutchinson County,Texas,Amarillo-Pampa-Borger,TX
Norfolk County,Massachusetts,Boston-Worcester-Providence,MA-RI-NH-CT
Plymouth County,Massachusetts,Boston-Worcester-Providence,MA-RI-NH-CT
Suffolk County,Massachusetts,Boston-Worcester-Providence,MA-RI-NH-CT
Essex County,Massachusetts,Boston-Worcester-Providence,MA-RI-NH-CT
Middlesex County,Massachusetts,Boston-Worcester-Providence,MA-RI-NH-CT
Rockingham County,New Hampshire,Boston-Worcester-Providence,MA-RI-NH-CT
Strafford County,New Hampshire,Boston-Worcester-Providence,MA-RI-NH-CT
Worcester County,Massachusetts,,
Rockingham/Strafford (Porthsmouth-Rochester),,Boston-Worcester-Providence,MA-RI-NH-CT
Boulder County,Colorado,Denver-Aurora,CO
Allen County,Kentucky,Bowling Green-Glasgow,KY
Butler County,Kentucky,Bowling Green-Glasgow,KY
Edmonson County,Kentucky,Bowling Green-Glasgow,KY
Warren County,Kentucky,Bowling Green-Glasgow,KY
Gallatin County,Montana,,
McKean County,Pennsylvania,,
Cass County,Minnesota,,
Crow Wing County,Minnesota,,
Taney County,Missouri,,
Summit County,Colorado,,
Kitsap County,Washington,Seattle-Tacoma,WA
Washington County,Texas,Houston-The Woodlands,TX
Transylvania County,North Carolina,Asheville-Marion-Brevard,NC
Fairfield County,Connecticut,New York-Newark,NY-NJ-CT-PA
Fairfield (Stamford),,New York-Newark,NY-NJ-CT-PA
New Haven (Waterbury),,,
New Haven (Waterbury),,New York-Newark,NY-NJ-CT-PA
Fairfield (Danbury),,,
Fairfield (Danbury),,New York-Newark,NY-NJ-CT-PA
Lincoln County,Mississippi,Jackson-Vicksburg-Brookhaven,MS
Curry County,Oregon,,
Brookings County,South Dakota,,
Haywood County,Tennessee,Jackson-Brownsville,TN
Cameron County,Texas,Brownsville-Harlingen-Raymondville,TX
Brown County,Texas,,
Brantley County,Georgia,,
Glynn County,Georgia,,
McIntosh County,Georgia,,
Crawford County,Ohio,Mansfield-Ashland-Bucyrus,OH
Crawford County,Ohio,Mansfield-Ashland-Bucyrus,OH
Erie County,New York,Buffalo-Cheektowaga-Olean,NY
Niagara County,New York,Buffalo-Cheektowaga-Olean,NY
Cassia County,Idaho,,
Minidoka County,Idaho,,
Henderson County,Illinois,Burlington-Fort Madison-Keokuk,IA-IL-MO
Des Moines County,Iowa,Burlington-Fort Madison-Keokuk,IA-IL-MO
Alamance County,North Carolina,Greensboro--Winston-Salem--High Point,NC
Alamance County,North Carolina,Greensboro--Winston-Salem--High Point,NC
Chittenden County,Vermont,Burlington-South Burlington-Barre,VT
Franklin County,Vermont,Burlington-South Burlington-Barre,VT
Grand Isle County,Vermont,Burlington-South Burlington-Barre,VT
Silver Bow County,Montana,,
Missaukee County,Michigan,,
Wexford County,Michigan,,
Gordon County,Georgia,Chattanooga-Cleveland-Dalton,TN-GA
St. Mary's County,Maryland,Washington-Baltimore-Arlington,DC-MD-VA-WV-PA
Dorchester County,Maryland,Salisbury-Cambridge,MD-DE
Guernsey County,Ohio,Columbus-Marion-Zanesville,OH
Calhoun County,Arkansas,,
Ouachita County,Arkansas,,
Green County,Kentucky,,
Taylor County,Kentucky,,
Fremont County,Colorado,Pueblo-Cañon City,CO
Carroll County,Ohio,Cleveland-Akron-Canton,OH
Stark County,Ohio,Cleveland-Akron-Canton,OH
Lee County,Florida,Cape Coral-Fort Myers-Naples,FL
Alexander County,Illinois,Cape Girardeau-Sikeston,MO-IL
Bollinger County,Missouri,Cape Girardeau-Sikeston,MO-IL
Cape Girardeau County,Missouri,Cape Girardeau-Sikeston,MO-IL
Jackson County,Illinois,,
Johnson County,Illinois,,
Williamson County,Illinois,,
Eddy County,New Mexico,,
Carroll County,Iowa,,
Carson City,Nevada,Reno-Carson City-Fernley,NV
Natrona County,Wyoming,,
Iron County,Utah,,
Benton County,Iowa,Cedar Rapids-Iowa City,IA
Jones County,Iowa,Cedar Rapids-Iowa City,IA
Linn County,Iowa,Cedar Rapids-Iowa City,IA
Polk County,Georgia,Atlanta--Athens-Clarke County--Sandy Springs,GA-AL
Mercer County,Ohio,Lima-Van Wert-Celina,OH
Muhlenberg County,Kentucky,,
Marion County,Illinois,St. Louis-St. Charles-Farmington,MO-IL
Lewis County,Washington,Seattle-Tacoma,WA
Franklin County,Pennsylvania,Washington-Baltimore-Arlington,DC-MD-VA-WV-PA
Champaign County,Illinois,,
Piatt County,Illinois,,
Boone County,West Virginia,Charleston-Huntington-Ashland,WV-OH-KY
Clay County,West Virginia,Charleston-Huntington-Ashland,WV-OH-KY
Jackson County,West Virginia,Charleston-Huntington-Ashland,WV-OH-KY
Kanawha County,West Virginia,Charleston-Huntington-Ashland,WV-OH-KY
Lincoln County,West Virginia,Charleston-Huntington-Ashland,WV-OH-KY
Coles County,Illinois,,
Cumberland County,Illinois,,
Berkeley County,South Carolina,,
Charleston County,South Carolina,,
Dorchester County,South Carolina,,
Anson County,North Carolina,Charlotte-Concord,NC-SC
Cabarrus County,North Carolina,Charlotte-Concord,NC-SC
Gaston County,North Carolina,Charlotte-Concord,NC-SC
Iredell County,North Carolina,Charlotte-Concord,NC-SC
Lincoln County,North Carolina,Charlotte-Concord,NC-SC
Mecklenburg County,North Carolina,Charlotte-Concord,NC-SC
Rowan County,North Carolina,Charlotte-Concord,NC-SC
Union County,North Carolina,Charlotte-Concord,NC-SC
Chester County,South Carolina,Charlotte-Concord,NC-SC
Lancaster County,South Carolina,Charlotte-Concord,NC-SC
York County,South Carolina,Charlotte-Concord,NC-SC
Albemarle County,Virginia,,
Fluvanna County,Virginia,,
Greene County,Virginia,,
Nelson County,Virginia,,
Charlottesville city,Virginia,,
Catoosa County,Georgia,Chattanooga-Cleveland-Dalton,TN-GA
Dade County,Georgia,Chattanooga-Cleveland-Dalton,TN-GA
Walker County,Georgia,Chattanooga-Cleveland-Dalton,TN-GA
Hamilton County,Tennessee,Chattanooga-Cleveland-Dalton,TN-GA
Marion County,Tennessee,Chattanooga-Cleveland-Dalton,TN-GA
Sequatchie County,Tennessee,Chattanooga-Cleveland-Dalton,TN-GA
Laramie County,Wyoming,,
Cook County,Illinois,Chicago-Naperville,IL-IN-WI
DuPage County,Illinois,Chicago-Naperville,IL-IN-WI
Grundy County,Illinois,Chicago-Naperville,IL-IN-WI
McHenry County,Illinois,Chicago-Naperville,IL-IN-WI
Will County,Illinois,Chicago-Naperville,IL-IN-WI
DeKalb County,Illinois,Chicago-Naperville,IL-IN-WI
Kane County,Illinois,Chicago-Naperville,IL-IN-WI
Kendall County,Illinois,Chicago-Naperville,IL-IN-WI
Jasper County,Indiana,Chicago-Naperville,IL-IN-WI
Lake County,Indiana,Chicago-Naperville,IL-IN-WI
Newton County,Indiana,Chicago-Naperville,IL-IN-WI
Porter County,Indiana,Chicago-Naperville,IL-IN-WI
Lake County,Illinois,Chicago-Naperville,IL-IN-WI
Kenosha County,Wisconsin,Chicago-Naperville,IL-IN-WI
Butte County,California,,
Ross County,Ohio,Columbus-Marion-Zanesville,OH
Dearborn County,Indiana,Cincinnati-Wilmington-Maysville,OH-KY-IN
Franklin County,Indiana,Cincinnati-Wilmington-Maysville,OH-KY-IN
Ohio County,Indiana,Cincinnati-Wilmington-Maysville,OH-KY-IN
Union County,Indiana,Cincinnati-Wilmington-Maysville,OH-KY-IN
Boone County,Kentucky,Cincinnati-Wilmington-Maysville,OH-KY-IN
Bracken County,Kentucky,Cincinnati-Wilmington-Maysville,OH-KY-IN
Campbell County,Kentucky,Cincinnati-Wilmington-Maysville,OH-KY-IN
Gallatin County,Kentucky,Cincinnati-Wilmington-Maysville,OH-KY-IN
Grant County,Kentucky,Cincinnati-Wilmington-Maysville,OH-KY-IN
Kenton County,Kentucky,Cincinnati-Wilmington-Maysville,OH-KY-IN
Pendleton County,Kentucky,Cincinnati-Wilmington-Maysville,OH-KY-IN
Brown County,Ohio,Cincinnati-Wilmington-Maysville,OH-KY-IN
Butler County,Ohio,Cincinnati-Wilmington-Maysville,OH-KY-IN
Clermont County,Ohio,Cincinnati-Wilmington-Maysville,OH-KY-IN
Hamilton County,Ohio,Cincinnati-Wilmington-Maysville,OH-KY-IN
Warren County,Ohio,Cincinnati-Wilmington-Maysville,OH-KY-IN
Doddridge County,West Virginia,,
Harrison County,West Virginia,,
Taylor County,West Virginia,,
Coahoma County,Mississippi,,
Christian County,Kentucky,,
Trigg County,Kentucky,,
Montgomery County,Tennessee,,
Stewart County,Tennessee,,
Lake County,California,,
Bolivar County,Mississippi,Cleveland-Indianola,MS
Bradley County,Tennessee,Chattanooga-Cleveland-Dalton,TN-GA
Polk County,Tennessee,Chattanooga-Cleveland-Dalton,TN-GA
Cuyahoga County,Ohio,Cleveland-Akron-Canton,OH
Geauga County,Ohio,Cleveland-Akron-Canton,OH
Lake County,Ohio,Cleveland-Akron-Canton,OH
Lorain County,Ohio,Cleveland-Akron-Canton,OH
Medina County,Ohio,Cleveland-Akron-Canton,OH
Hendry County,Florida,Cape Coral-Fort Myers-Naples,FL
Clinton County,Iowa,Davenport-Moline,IA-IL
Curry County,New Mexico,Clovis-Portales,NM
Coamo Municipio,Puerto Rico,Ponce-Yauco-Coamo,PR
Salinas Municipio,Puerto Rico,San Juan-Bayamón,PR
Kootenai County,Idaho,Spokane-Spokane Valley-Coeur d'Alene,WA-ID
Montgomery County,Kansas,,
Branch County,Michigan,Kalamazoo-Battle Creek-Portage,MI
Brazos County,Texas,,
Burleson County,Texas,,
Robertson County,Texas,,
El Paso County,Colorado,,
Teller County,Colorado,,
Boone County,Missouri,Columbia-Moberly-Mexico,MO
Cooper County,Missouri,Columbia-Moberly-Mexico,MO
Howard County,Missouri,Columbia-Moberly-Mexico,MO
Calhoun County,South Carolina,Columbia-Orangeburg-Newberry,SC
Fairfield County,South Carolina,Columbia-Orangeburg-Newberry,SC
Kershaw County,South Carolina,Columbia-Orangeburg-Newberry,SC
Lexington County,South Carolina,Columbia-Orangeburg-Newberry,SC
Richland County,South Carolina,Columbia-Orangeburg-Newberry,SC
Saluda County,South Carolina,Columbia-Orangeburg-Newberry,SC
Russell County,Alabama,Columbus-Auburn-Opelika,GA-AL
Chattahoochee County,Georgia,Columbus-Auburn-Opelika,GA-AL
Harris County,Georgia,Columbus-Auburn-Opelika,GA-AL
Marion County,Georgia,Columbus-Auburn-Opelika,GA-AL
Muscogee County,Georgia,Columbus-Auburn-Opelika,GA-AL
Stewart County,Georgia,Columbus-Auburn-Opelika,GA-AL
Talbot County,Georgia,Columbus-Auburn-Opelika,GA-AL
Bartholomew County,Indiana,Indianapolis-Carmel-Muncie,IN
Lowndes County,Mississippi,Columbus-West Point,MS
Platte County,Nebraska,,
Delaware County,Ohio,Columbus-Marion-Zanesville,OH
Fairfield County,Ohio,Columbus-Marion-Zanesville,OH
Franklin County,Ohio,Columbus-Marion-Zanesville,OH
Hocking County,Ohio,Columbus-Marion-Zanesville,OH
Licking County,,Columbus-Marion-Zanesville,OH
Licking County,Ohio,Columbus-Marion-Zanesville,OH
Madison County,Ohio,Columbus-Marion-Zanesville,OH
Morrow County,Ohio,Columbus-Marion-Zanesville,OH
Perry County,Ohio,Columbus-Marion-Zanesville,OH
Pickaway County,Ohio,Columbus-Marion-Zanesville,OH
Union County,Ohio,Columbus-Marion-Zanesville,OH
Merrimack County,New Hampshire,Boston-Worcester-Providence,MA-RI-NH-CT
Merrimack County,New Hampshire,Boston-Worcester-Providence,MA-RI-NH-CT
Fayette County,Indiana,Richmond-Connersville,IN
Jackson County,Tennessee,,
Overton County,Tennessee,,
Putnam County,Tennessee,,
Coos County,Oregon,,
Crisp County,Georgia,,
Alcorn County,Mississippi,Tupelo-Corinth,MS
Habersham County,Georgia,Atlanta--Athens-Clarke County--Sandy Springs,GA-AL
Steuben County,New York,Elmira-Corning,NY
Nueces County,Texas,Corpus Christi-Kingsville-Alice,TX
San Patricio County,Texas,Corpus Christi-Kingsville-Alice,TX
Navarro County,Texas,Dallas-Fort Worth,TX-OK
Cortland County,New York,Ithaca-Cortland,NY
Benton County,Oregon,Portland-Vancouver-Salem,OR-WA
Coshocton County,Ohio,,
Moffat County,Colorado,Steamboat Springs-Craig,CO
Montgomery County,Indiana,Indianapolis-Carmel-Muncie,IN
Del Norte County,California,,
Okaloosa County,Florida,,
Walton County,Florida,,
Cumberland County,Tennessee,,
Cullman County,Alabama,Birmingham-Hoover-Talladega,AL
Jackson County,North Carolina,,
Swain County,North Carolina,,
Allegany County,Maryland,,
Mineral County,West Virginia,,
Collin County,Texas,Dallas-Fort Worth,TX-OK
Dallas County,Texas,Dallas-Fort Worth,TX-OK
Denton County,Texas,Dallas-Fort Worth,TX-OK
Ellis County,Texas,Dallas-Fort Worth,TX-OK
Hunt County,Texas,Dallas-Fort Worth,TX-OK
Kaufman County,Texas,Dallas-Fort Worth,TX-OK
Rockwall County,Texas,Dallas-Fort Worth,TX-OK
Johnson County,Texas,Dallas-Fort Worth,TX-OK
Parker County,Texas,Dallas-Fort Worth,TX-OK
Tarrant County,Texas,Dallas-Fort Worth,TX-OK
Wise County,Texas,Dallas-Fort Worth,TX-OK
Murray County,Georgia,Chattanooga-Cleveland-Dalton,TN-GA
Whitfield County,Georgia,Chattanooga-Cleveland-Dalton,TN-GA
Vermilion County,Illinois,,
Boyle County,Kentucky,,
Lincoln County,Kentucky,,
Pittsylvania County,Virginia,,
Danville city,Virginia,,
Baldwin County,Alabama,Mobile-Daphne-Fairhope,AL
Baldwin County,Alabama,Mobile-Daphne-Fairhope,AL
Henry County,Illinois,Davenport-Moline,IA-IL
Mercer County,Illinois,Davenport-Moline,IA-IL
Rock Island County,Illinois,Davenport-Moline,IA-IL
Scott County,Iowa,Davenport-Moline,IA-IL
Rhea County,Tennessee,Chattanooga-Cleveland-Dalton,TN-GA
Greene County,Ohio,Dayton-Springfield-Kettering,OH
Miami County,Ohio,Dayton-Springfield-Kettering,OH
Montgomery County,Ohio,Dayton-Springfield-Kettering,OH
Lawrence County,Alabama,Huntsville-Decatur,AL
Morgan County,Alabama,Huntsville-Decatur,AL
Macon County,Illinois,,
Adams County,Indiana,Fort Wayne-Huntington-Auburn,IN
Adams County,Indiana,Fort Wayne-Huntington-Auburn,IN
Defiance County,Ohio,,
Val Verde County,Texas,,
Flagler County,Florida,Orlando-Lakeland-Deltona,FL
Volusia County,Florida,Orlando-Lakeland-Deltona,FL
Luna County,New Mexico,,
Adams County,Colorado,Denver-Aurora,CO
Arapahoe County,Colorado,Denver-Aurora,CO
Broomfield County,Colorado,Denver-Aurora,CO
Clear Creek County,Colorado,Denver-Aurora,CO
Denver County,Colorado,Denver-Aurora,CO
Douglas County,Colorado,Denver-Aurora,CO
Elbert County,Colorado,Denver-Aurora,CO
Gilpin County,Colorado,Denver-Aurora,CO
Jefferson County,Colorado,Denver-Aurora,CO
Park County,Colorado,Denver-Aurora,CO
Beauregard Parish,Louisiana,DeRidder-Fort Polk South,LA
Dallas County,Iowa,Des Moines-Ames-West Des Moines,IA
Guthrie County,Iowa,Des Moines-Ames-West Des Moines,IA
Jasper County,Iowa,Des Moines-Ames-West Des Moines,IA
Madison County,Iowa,Des Moines-Ames-West Des Moines,IA
Polk County,Iowa,Des Moines-Ames-West Des Moines,IA
Warren County,Iowa,Des Moines-Ames-West Des Moines,IA
Wayne County,Michigan,Detroit-Warren-Ann Arbor,MI
Lapeer County,Michigan,Detroit-Warren-Ann Arbor,MI
Livingston County,Michigan,Detroit-Warren-Ann Arbor,MI
Livingston County,Michigan,Detroit-Warren-Ann Arbor,MI
Macomb County,Michigan,Detroit-Warren-Ann Arbor,MI
Oakland County,Michigan,Detroit-Warren-Ann Arbor,MI
St. Clair County,Michigan,Detroit-Warren-Ann Arbor,MI
Billings County,North Dakota,,
Stark County,North Dakota,,
Lee County,Illinois,Dixon-Sterling,IL
Ford County,Kansas,,
Geneva County,Alabama,Dothan-Ozark,AL
Henry County,Alabama,Dothan-Ozark,AL
Houston County,Alabama,Dothan-Ozark,AL
Atkinson County,Georgia,,
Coffee County,Georgia,,
Kent County,Delaware,Philadelphia-Reading-Camden,PA-NJ-DE-MD
Johnson County,Georgia,,
Laurens County,Georgia,,
Treutlen County,Georgia,,
Clearfield County,Pennsylvania,State College-DuBois,PA
Dubuque County,Iowa,,
Carlton County,Minnesota,,
Lake County,Minnesota,,
St. Louis County,Minnesota,,
Douglas County,Wisconsin,,
Moore County,Texas,,
Stephens County,Oklahoma,,
La Plata County,Colorado,,
Bryan County,Oklahoma,Dallas-Fort Worth,TX-OK
Chatham County,North Carolina,Raleigh-Durham-Cary,NC
Chatham County,North Carolina,Raleigh-Durham-Cary,NC
Durham County,North Carolina,Raleigh-Durham-Cary,NC
Durham County,North Carolina,Raleigh-Durham-Cary,NC
Granville County,North Carolina,Raleigh-Durham-Cary,NC
Orange County,North Carolina,Raleigh-Durham-Cary,NC
Orange County,North Carolina,Raleigh-Durham-Cary,NC
Person County,North Carolina,Raleigh-Durham-Cary,NC
Dyer County,Tennessee,,
Maverick County,Texas,,
Talbot County,Maryland,Washington-Baltimore-Arlington,DC-MD-VA-WV-PA
Monroe County,Pennsylvania,New York-Newark,NY-NJ-CT-PA
Chippewa County,Wisconsin,Eau Claire-Menomonie,WI
Eau Claire County,Wisconsin,Eau Claire-Menomonie,WI
Eagle County,Colorado,Edwards-Glenwood Springs,CO
Effingham County,Illinois,,
Wharton County,Texas,Houston-The Woodlands,TX
Imperial County,California,,
Union County,Arkansas,,
Pasquotank County,North Carolina,Virginia Beach-Norfolk,VA-NC
Perquimans County,North Carolina,Virginia Beach-Norfolk,VA-NC
Hardin County,Kentucky,Louisville/Jefferson County--Elizabethtown--Bardstown,KY-IN
Larue County,Kentucky,Louisville/Jefferson County--Elizabethtown--Bardstown,KY-IN
Meade County,Kentucky,Louisville/Jefferson County--Elizabethtown--Bardstown,KY-IN
Beckham County,Oklahoma,,
Elkhart County,Indiana,South Bend-Elkhart-Mishawaka,IN-MI
Randolph County,West Virginia,,
Elko County,Nevada,,
Eureka County,Nevada,,
Kittitas County,Washington,,
Chemung County,New York,Elmira-Corning,NY
El Paso County,Texas,El Paso-Las Cruces,TX-NM
Hudspeth County,Texas,El Paso-Las Cruces,TX-NM
Chase County,Kansas,,
Lyon County,Kansas,,
Garfield County,Oklahoma,,
Coffee County,Alabama,,
Erie County,Pennsylvania,Erie-Meadville,PA
Delta County,Michigan,,
Rio Arriba County,New Mexico,Albuquerque-Santa Fe-Las Vegas,NM
Barbour County,Alabama,,
Quitman County,Georgia,,
Lane County,Oregon,,
Humboldt County,California,,
Uinta County,Wyoming,,
Posey County,Indiana,,
Vanderburgh County,Indiana,,
Warrick County,Indiana,,
Henderson County,Kentucky,,
Fairbanks North Star Borough,Alaska,,
Jefferson County,Iowa,,
Martin County,Minnesota,,
Marion County,West Virginia,Morgantown-Fairmont,WV
Churchill County,Nevada,,
Clay County,Minnesota,Fargo-Wahpeton,ND-MN
Cass County,North Dakota,Fargo-Wahpeton,ND-MN
Rice County,Minnesota,Minneapolis-St. Paul,MN-WI
St. Francois County,Missouri,St. Louis-St. Charles-Farmington,MO-IL
San Juan County,New Mexico,,
Cumberland County,North Carolina,Fayetteville-Sanford-Lumberton,NC
Harnett County,North Carolina,Fayetteville-Sanford-Lumberton,NC
Hoke County,North Carolina,Fayetteville-Sanford-Lumberton,NC
Benton County,Arkansas,,
Madison County,Arkansas,,
Washington County,Arkansas,,
Otter Tail County,Minnesota,,
Lyon County,Nevada,Reno-Carson City-Fernley,NV
Hancock County,Ohio,Toledo-Findlay-Tiffin,OH
Ben Hill County,Georgia,,
Coconino County,Arizona,,
Genesee County,Michigan,Detroit-Warren-Ann Arbor,MI
Darlington County,South Carolina,,
Florence County,South Carolina,,
Colbert County,Alabama,,
Lauderdale County,Alabama,,
Fond du Lac County,Wisconsin,,
Rutherford County,North Carolina,,
St. Francis County,Arkansas,Memphis-Forrest City,TN-MS-AR
Larimer County,Colorado,,
Webster County,Iowa,,
Pulaski County,Missouri,,
Hancock County,Illinois,Burlington-Fort Madison-Keokuk,IA-IL-MO
Lee County,Iowa,Burlington-Fort Madison-Keokuk,IA-IL-MO
Clark County,Missouri,Burlington-Fort Madison-Keokuk,IA-IL-MO
Morgan County,Colorado,,
DeKalb County,Alabama,Scottsboro-Fort Payne,AL
Vernon Parish,Louisiana,DeRidder-Fort Polk South,LA
Crawford County,Arkansas,,
Franklin County,Arkansas,,
Sebastian County,Arkansas,,
Sequoyah County,Oklahoma,,
Allen County,Indiana,Fort Wayne-Huntington-Auburn,IN
Whitley County,Indiana,Fort Wayne-Huntington-Auburn,IN
Clinton County,Indiana,Lafayette-West Lafayette-Frankfort,IN
Clinton County,Indiana,Lafayette-West Lafayette-Frankfort,IN
Anderson County,Kentucky,Lexington-Fayette--Richmond--Frankfort,KY
Franklin County,Kentucky,Lexington-Fayette--Richmond--Frankfort,KY
Gillespie County,Texas,Kerrville-Fredericksburg,TX
Stephenson County,Illinois,Rockford-Freeport-Rochelle,IL
Dodge County,Nebraska,Omaha-Council Bluffs-Fremont,NE-IA
Sandusky County,Ohio,Toledo-Findlay-Tiffin,OH
Fresno County,California,Fresno-Madera-Hanford,CA
Etowah County,Alabama,,
Cherokee County,South Carolina,Greenville-Spartanburg-Anderson,SC
Cherokee County,South Carolina,Greenville-Spartanburg-Anderson,SC
Alachua County,Florida,Gainesville-Lake City,FL
Gilchrist County,Florida,Gainesville-Lake City,FL
Levy County,Florida,Gainesville-Lake City,FL
Hall County,Georgia,Atlanta--Athens-Clarke County--Sandy Springs,GA-AL
Cooke County,Texas,Dallas-Fort Worth,TX-OK
Knox County,Illinois,,
McKinley County,New Mexico,,
Finney County,Kansas,,
Kearny County,Kansas,,
Douglas County,Nevada,Reno-Carson City-Fernley,NV
Georgetown County,South Carolina,Myrtle Beach-Conway,SC-NC
Adams County,Pennsylvania,Harrisburg-York-Lebanon,PA
Campbell County,Wyoming,,
Crook County,Wyoming,,
Weston County,Wyoming,,
Barren County,Kentucky,Bowling Green-Glasgow,KY
Metcalfe County,Kentucky,Bowling Green-Glasgow,KY
Warren County,New York,Albany-Schenectady,NY
Washington County,New York,Albany-Schenectady,NY
Garfield County,Colorado,Edwards-Glenwood Springs,CO
Pitkin County,Colorado,Edwards-Glenwood Springs,CO
Fulton County,New York,Albany-Schenectady,NY
Wayne County,North Carolina,,
Hood County,Texas,Dallas-Fort Worth,TX-OK
Hood County,Texas,Dallas-Fort Worth,TX-OK
Polk County,Minnesota,,
Grand Forks County,North Dakota,,
Hall County,Nebraska,,
Howard County,Nebraska,,
Merrick County,Nebraska,,
Mesa County,Colorado,,
Itasca County,Minnesota,,
Ionia County,Michigan,Grand Rapids-Kentwood-Muskegon,MI
Kent County,Michigan,Grand Rapids-Kentwood-Muskegon,MI
Montcalm County,Michigan,Grand Rapids-Kentwood-Muskegon,MI
Ottawa County,Michigan,Grand Rapids-Kentwood-Muskegon,MI
Cibola County,New Mexico,,
Josephine County,Oregon,Medford-Grants Pass,OR
Barton County,Kansas,,
Cascade County,Montana,,
Weld County,Colorado,Denver-Aurora,CO
Brown County,Wisconsin,Green Bay-Shawano,WI
Kewaunee County,Wisconsin,Green Bay-Shawano,WI
Oconto County,Wisconsin,Green Bay-Shawano,WI
Greene County,Tennessee,,
Guilford County,North Carolina,Greensboro--Winston-Salem--High Point,NC
Guilford County,North Carolina,Greensboro--Winston-Salem--High Point,NC
Randolph County,North Carolina,Greensboro--Winston-Salem--High Point,NC
Randolph County,North Carolina,Greensboro--Winston-Salem--High Point,NC
Rockingham County,North Carolina,Greensboro--Winston-Salem--High Point,NC
Decatur County,Indiana,Indianapolis-Carmel-Muncie,IN
Washington County,Mississippi,,
Pitt County,North Carolina,Greenville-Kinston-Washington,NC
Darke County,Ohio,Dayton-Springfield-Kettering,OH
Anderson County,South Carolina,Greenville-Spartanburg-Anderson,SC
Greenville County,South Carolina,Greenville-Spartanburg-Anderson,SC
Laurens County,South Carolina,Greenville-Spartanburg-Anderson,SC
Pickens County,South Carolina,Greenville-Spartanburg-Anderson,SC
Carroll County,Mississippi,,
Leflore County,Mississippi,,
Greenwood County,South Carolina,Greenville-Spartanburg-Anderson,SC
Grenada County,Mississippi,,
Arroyo Municipio,Puerto Rico,San Juan-Bayamón,PR
Guayama Municipio,Puerto Rico,San Juan-Bayamón,PR
Patillas Municipio,Puerto Rico,San Juan-Bayamón,PR
Hancock County,Mississippi,,
Harrison County,Mississippi,,
Jackson County,Mississippi,,
Stone County,Mississippi,,
Texas County,Oklahoma,,
Washington County,Maryland,Washington-Baltimore-Arlington,DC-MD-VA-WV-PA
Berkeley County,West Virginia,Washington-Baltimore-Arlington,DC-MD-VA-WV-PA
Berkeley County,West Virginia,Washington-Baltimore-Arlington,DC-MD-VA-WV-PA
Morgan County,West Virginia,Washington-Baltimore-Arlington,DC-MD-VA-WV-PA
Blaine County,Idaho,,
Camas County,Idaho,,
Tangipahoa Parish,Louisiana,New Orleans-Metairie-Hammond,LA-MS
Kings County,California,Fresno-Madera-Hanford,CA
Marion County,Missouri,Quincy-Hannibal,IL-MO
Ralls County,Missouri,Quincy-Hannibal,IL-MO
Cumberland County,Pennsylvania,Harrisburg-York-Lebanon,PA
Dauphin County,Pennsylvania,Harrisburg-York-Lebanon,PA
Perry County,Pennsylvania,Harrisburg-York-Lebanon,PA
Boone County,Arkansas,,
Newton County,Arkansas,,
Rockingham County,Virginia,Harrisonburg-Staunton,VA
Harrisonburg city,Virginia,Harrisonburg-Staunton,VA
Hartford County,Connecticut,Hartford-East Hartford,CT
Middlesex County,Connecticut,Hartford-East Hartford,CT
Tolland County,Connecticut,Hartford-East Hartford,CT
Adams County,Nebraska,,
Covington County,Mississippi,Hattiesburg-Laurel,MS
Forrest County,Mississippi,Hattiesburg-Laurel,MS
Lamar County,Mississippi,Hattiesburg-Laurel,MS
Perry County,Mississippi,Hattiesburg-Laurel,MS
Ellis County,Kansas,,
Summit County,Utah,Salt Lake City-Provo-Orem,UT
Wasatch County,Utah,Salt Lake City-Provo-Orem,UT
Jefferson County,Montana,,
Lewis and Clark County,Montana,,
Phillips County,Arkansas,,
Vance County,North Carolina,Raleigh-Durham-Cary,NC
Deaf Smith County,Texas,,
Morrow County,Oregon,,
Umatilla County,Oregon,,
Alexander County,North Carolina,,
Burke County,North Carolina,,
Caldwell County,North Carolina,,
Catawba County,North Carolina,,
Hillsdale County,Michigan,,
Hawaii County,Hawaii,,
Beaufort County,South Carolina,,
Jasper County,South Carolina,,
Liberty County,Georgia,Savannah-Hinesville-Statesboro,GA
Long County,Georgia,Savannah-Hinesville-Statesboro,GA
Lea County,New Mexico,,
Allegan County,Michigan,Grand Rapids-Kentwood-Muskegon,MI
Allegan County,Michigan,Grand Rapids-Kentwood-Muskegon,MI
Citrus County,Florida,,
Hood River County,Oregon,,
Hempstead County,Arkansas,,
Nevada County,Arkansas,,
Garland County,Arkansas,Hot Springs-Malvern,AR
Houghton County,Michigan,,
Keweenaw County,Michigan,,
Lafourche Parish,Louisiana,,
Terrebonne Parish,Louisiana,,
Austin County,Texas,Houston-The Woodlands,TX
Brazoria County,Texas,Houston-The Woodlands,TX
Chambers County,Texas,Houston-The Woodlands,TX
Fort Bend County,Texas,Houston-The Woodlands,TX
Galveston County,Texas,Houston-The Woodlands,TX
Harris County,Texas,Houston-The Woodlands,TX
Liberty County,Texas,Houston-The Woodlands,TX
Montgomery County,Texas,Houston-The Woodlands,TX
Waller County,Texas,Houston-The Woodlands,TX
Columbia County,New York,Albany-Schenectady,NY
Huntingdon County,Pennsylvania,Altoona-Huntingdon,PA
Huntington County,Indiana,Fort Wayne-Huntington-Auburn,IN
Huntington County,Indiana,Fort Wayne-Huntington-Auburn,IN
Boyd County,Kentucky,Charleston-Huntington-Ashland,WV-OH-KY
Carter County,Kentucky,Charleston-Huntington-Ashland,WV-OH-KY
Greenup County,Kentucky,Charleston-Huntington-Ashland,WV-OH-KY
Lawrence County,Ohio,Charleston-Huntington-Ashland,WV-OH-KY
Cabell County,West Virginia,Charleston-Huntington-Ashland,WV-OH-KY
Putnam County,West Virginia,Charleston-Huntington-Ashland,WV-OH-KY
Putnam County,West Virginia,Charleston-Huntington-Ashland,WV-OH-KY
Wayne County,West Virginia,Charleston-Huntington-Ashland,WV-OH-KY
Limestone County,Alabama,Huntsville-Decatur,AL
Madison County,Alabama,Huntsville-Decatur,AL
Walker County,Texas,Houston-The Woodlands,TX
Beadle County,South Dakota,,
Jerauld County,South Dakota,,
Reno County,Kansas,,
McLeod County,Minnesota,Minneapolis-St. Paul,MN-WI
Bonneville County,Idaho,Idaho Falls-Rexburg-Blackfoot,ID
Butte County,Idaho,Idaho Falls-Rexburg-Blackfoot,ID
Jefferson County,Idaho,Idaho Falls-Rexburg-Blackfoot,ID
Indiana County,Pennsylvania,Pittsburgh-New Castle-Weirton,PA-OH-WV
Boone County,Indiana,Indianapolis-Carmel-Muncie,IN
Brown County,Indiana,Indianapolis-Carmel-Muncie,IN
Hamilton County,Indiana,Indianapolis-Carmel-Muncie,IN
Hancock County,Indiana,Indianapolis-Carmel-Muncie,IN
Hendricks County,Indiana,Indianapolis-Carmel-Muncie,IN
Johnson County,Indiana,Indianapolis-Carmel-Muncie,IN
Madison County,Indiana,Indianapolis-Carmel-Muncie,IN
Marion County,Indiana,Indianapolis-Carmel-Muncie,IN
Morgan County,Indiana,Indianapolis-Carmel-Muncie,IN
Putnam County,Indiana,Indianapolis-Carmel-Muncie,IN
Shelby County,Indiana,Indianapolis-Carmel-Muncie,IN
Sunflower County,Mississippi,Cleveland-Indianola,MS
Johnson County,Iowa,Cedar Rapids-Iowa City,IA
Washington County,Iowa,Cedar Rapids-Iowa City,IA
Dickinson County,Michigan,Marinette-Iron Mountain,WI-MI
Florence County,Wisconsin,Marinette-Iron Mountain,WI-MI
Tompkins County,New York,Ithaca-Cortland,NY
Jackson County,Michigan,,
Copiah County,Mississippi,Jackson-Vicksburg-Brookhaven,MS
Hinds County,Mississippi,Jackson-Vicksburg-Brookhaven,MS
Holmes County,Mississippi,Jackson-Vicksburg-Brookhaven,MS
Madison County,Mississippi,Jackson-Vicksburg-Brookhaven,MS
Rankin County,Mississippi,Jackson-Vicksburg-Brookhaven,MS
Simpson County,Mississippi,Jackson-Vicksburg-Brookhaven,MS
Yazoo County,Mississippi,Jackson-Vicksburg-Brookhaven,MS
Jackson County,Ohio,,
Chester County,Tennessee,Jackson-Brownsville,TN
Crockett County,Tennessee,Jackson-Brownsville,TN
Gibson County,Tennessee,Jackson-Brownsville,TN
Madison County,Tennessee,Jackson-Brownsville,TN
Teton County,Idaho,,
Teton County,Wyoming,,
Baker County,Florida,Jacksonville-St. Marys-Palatka,FL-GA
Clay County,Florida,Jacksonville-St. Marys-Palatka,FL-GA
Duval County,Florida,Jacksonville-St. Marys-Palatka,FL-GA
Nassau County,Florida,Jacksonville-St. Marys-Palatka,FL-GA
St. Johns County,Florida,Jacksonville-St. Marys-Palatka,FL-GA
Morgan County,Illinois,Springfield-Jacksonville-Lincoln,IL
Scott County,Illinois,Springfield-Jacksonville-Lincoln,IL
Onslow County,North Carolina,,
Cherokee County,Texas,Tyler-Jacksonville,TX
Stutsman County,North Dakota,,
Chautauqua County,New York,,
Rock County,Wisconsin,Madison-Janesville-Beloit,WI
Walker County,Alabama,Birmingham-Hoover-Talladega,AL
Dubois County,Indiana,,
Pike County,Indiana,,
Jayuya Municipio,Puerto Rico,,
Jackson County,Georgia,Atlanta--Athens-Clarke County--Sandy Springs,GA-AL
Callaway County,Missouri,,
Cole County,Missouri,,
Moniteau County,Missouri,,
Osage County,Missouri,,
Jefferson Davis Parish,Louisiana,Lake Charles-Jennings,LA
Wayne County,Georgia,Savannah-Hinesville-Statesboro,GA
Carter County,Tennessee,Johnson City-Kingsport-Bristol,TN-VA
Carter County,Tennessee,Johnson City-Kingsport-Bristol,TN-VA
Unicoi County,Tennessee,Johnson City-Kingsport-Bristol,TN-VA
Unicoi County,Tennessee,Johnson City-Kingsport-Bristol,TN-VA
Washington County,Tennessee,Johnson City-Kingsport-Bristol,TN-VA
Washington County,Tennessee,Johnson City-Kingsport-Bristol,TN-VA
Cambria County,Pennsylvania,Johnstown-Somerset,PA
Craighead County,Arkansas,Jonesboro-Paragould,AR
Poinsett County,Arkansas,Jonesboro-Paragould,AR
Jasper County,Missouri,Joplin-Miami,MO-OK
Newton County,Missouri,Joplin-Miami,MO-OK
Juneau City and Borough,Alaska,,
Maui County,Hawaii,,
Kalamazoo County,Michigan,Kalamazoo-Battle Creek-Portage,MI
Flathead County,Montana,,
Kankakee County,Illinois,Chicago-Naperville,IL-IN-WI
Johnson County,Kansas,Kansas City-Overland Park-Kansas City,MO-KS
Leavenworth County,Kansas,Kansas City-Overland Park-Kansas City,MO-KS
Linn County,Kansas,Kansas City-Overland Park-Kansas City,MO-KS
Miami County,Kansas,Kansas City-Overland Park-Kansas City,MO-KS
Wyandotte County,Kansas,Kansas City-Overland Park-Kansas City,MO-KS
Bates County,Missouri,Kansas City-Overland Park-Kansas City,MO-KS
Caldwell County,Missouri,Kansas City-Overland Park-Kansas City,MO-KS
Cass County,Missouri,Kansas City-Overland Park-Kansas City,MO-KS
Clay County,Missouri,Kansas City-Overland Park-Kansas City,MO-KS
Clinton County,Missouri,Kansas City-Overland Park-Kansas City,MO-KS
Jackson County,Missouri,Kansas City-Overland Park-Kansas City,MO-KS
Lafayette County,Missouri,Kansas City-Overland Park-Kansas City,MO-KS
Platte County,Missouri,Kansas City-Overland Park-Kansas City,MO-KS
Ray County,Missouri,Kansas City-Overland Park-Kansas City,MO-KS
Kauai County,Hawaii,,
Buffalo County,Nebraska,,
Kearney County,Nebraska,,
Cheshire County,New Hampshire,,
Noble County,Indiana,Fort Wayne-Huntington-Auburn,IN
Dunklin County,Missouri,,
Benton County,Washington,Kennewick-Richland-Walla Walla,WA
Franklin County,Washington,Kennewick-Richland-Walla Walla,WA
Kerr County,Texas,Kerrville-Fredericksburg,TX
Ketchikan Gateway Borough,Alaska,,
Monroe County,Florida,Miami-Port St. Lucie-Fort Lauderdale,FL
Dare County,North Carolina,Virginia Beach-Norfolk,VA-NC
Bell County,Texas,,
Coryell County,Texas,,
Lampasas County,Texas,,
Hawkins County,Tennessee,Johnson City-Kingsport-Bristol,TN-VA
Sullivan County,Tennessee,Johnson City-Kingsport-Bristol,TN-VA
Scott County,Virginia,Johnson City-Kingsport-Bristol,TN-VA
Washington County,Virginia,Johnson City-Kingsport-Bristol,TN-VA
Bristol city,Virginia,Johnson City-Kingsport-Bristol,TN-VA
Ulster County,New York,New York-Newark,NY-NJ-CT-PA
Kenedy County,Texas,Corpus Christi-Kingsville-Alice,TX
Kleberg County,Texas,Corpus Christi-Kingsville-Alice,TX
Lenoir County,North Carolina,Greenville-Kinston-Washington,NC
Adair County,Missouri,,
Schuyler County,Missouri,,
Klamath County,Oregon,,
Anderson County,Tennessee,Knoxville-Morristown-Sevierville,TN
Blount County,Tennessee,Knoxville-Morristown-Sevierville,TN
Campbell County,Tennessee,Knoxville-Morristown-Sevierville,TN
Knox County,Tennessee,Knoxville-Morristown-Sevierville,TN
Loudon County,Tennessee,Knoxville-Morristown-Sevierville,TN
Morgan County,Tennessee,Knoxville-Morristown-Sevierville,TN
Roane County,Tennessee,Knoxville-Morristown-Sevierville,TN
Union County,Tennessee,Knoxville-Morristown-Sevierville,TN
Howard County,Indiana,Kokomo-Peru,IN
Belknap County,New Hampshire,Boston-Worcester-Providence,MA-RI-NH-CT
Houston County,Minnesota,,
La Crosse County,Wisconsin,,
Acadia Parish,Louisiana,Lafayette-Opelousas-Morgan City,LA
Iberia Parish,Louisiana,Lafayette-Opelousas-Morgan City,LA
Lafayette Parish,Louisiana,Lafayette-Opelousas-Morgan City,LA
St. Martin Parish,Louisiana,Lafayette-Opelousas-Morgan City,LA
Vermilion Parish,Louisiana,Lafayette-Opelousas-Morgan City,LA
Benton County,Indiana,Lafayette-West Lafayette-Frankfort,IN
Carroll County,Indiana,Lafayette-West Lafayette-Frankfort,IN
Tippecanoe County,Indiana,Lafayette-West Lafayette-Frankfort,IN
Warren County,Indiana,Lafayette-West Lafayette-Frankfort,IN
Union County,Oregon,,
Chambers County,Alabama,Atlanta--Athens-Clarke County--Sandy Springs,GA-AL
Troup County,Georgia,Atlanta--Athens-Clarke County--Sandy Springs,GA-AL
Calcasieu Parish,Louisiana,Lake Charles-Jennings,LA
Cameron Parish,Louisiana,Lake Charles-Jennings,LA
Columbia County,Florida,Gainesville-Lake City,FL
Mohave County,Arizona,Las Vegas-Henderson,NV
Mohave County,Arizona,,
Polk County,Florida,Orlando-Lakeland-Deltona,FL
Dawson County,Texas,,
Lancaster County,Pennsylvania,,
Clinton County,Michigan,,
Eaton County,Michigan,,
Ingham County,Michigan,,
Shiawassee County,Michigan,,
Albany County,Wyoming,,
Webb County,Texas,,
Doña Ana County,New Mexico,El Paso-Las Cruces,TX-NM
Mora County,New Mexico,Albuquerque-Santa Fe-Las Vegas,NM
San Miguel County,New Mexico,Albuquerque-Santa Fe-Las Vegas,NM
Clark County,Nevada,Las Vegas-Henderson,NV
Jasper County,Mississippi,Hattiesburg-Laurel,MS
Jones County,Mississippi,Hattiesburg-Laurel,MS
Scotland County,North Carolina,Fayetteville-Sanford-Lumberton,NC
Douglas County,Kansas,Kansas City-Overland Park-Kansas City,MO-KS
Lawrence County,Tennessee,Nashville-Davidson--Murfreesboro,TN
Comanche County,Oklahoma,,
Cotton County,Oklahoma,,
Laclede County,Missouri,,
Grafton County,New Hampshire,,
Sullivan County,New Hampshire,,
Orange County,Vermont,,
Windsor County,Vermont,,
Lebanon County,Pennsylvania,Harrisburg-York-Lebanon,PA
Lebanon County,Pennsylvania,Harrisburg-York-Lebanon,PA
Hockley County,Texas,Lubbock-Plainview-Levelland,TX
Union County,Pennsylvania,Bloomsburg-Berwick-Sunbury,PA
Marshall County,Tennessee,Nashville-Davidson--Murfreesboro,TN
Nez Perce County,Idaho,,
Asotin County,Washington,,
Androscoggin County,Maine,Portland-Lewiston-South Portland,ME
Mifflin County,Pennsylvania,,
Dawson County,Nebraska,,
Gosper County,Nebraska,,
Bourbon County,Kentucky,Lexington-Fayette--Richmond--Frankfort,KY
Clark County,Kentucky,Lexington-Fayette--Richmond--Frankfort,KY
Fayette County,Kentucky,Lexington-Fayette--Richmond--Frankfort,KY
Jessamine County,Kentucky,Lexington-Fayette--Richmond--Frankfort,KY
Scott County,Kentucky,Lexington-Fayette--Richmond--Frankfort,KY
Woodford County,Kentucky,Lexington-Fayette--Richmond--Frankfort,KY
Seward County,Kansas,,
Allen County,Ohio,Lima-Van Wert-Celina,OH
Logan County,Illinois,Springfield-Jacksonville-Lincoln,IL
Lancaster County,Nebraska,Lincoln-Beatrice,NE
Seward County,Nebraska,Lincoln-Beatrice,NE
Faulkner County,Arkansas,Little Rock-North Little Rock,AR
Grant County,Arkansas,Little Rock-North Little Rock,AR
Lonoke County,Arkansas,Little Rock-North Little Rock,AR
Perry County,Arkansas,Little Rock-North Little Rock,AR
Pulaski County,Arkansas,Little Rock-North Little Rock,AR
Saline County,Arkansas,Little Rock-North Little Rock,AR
Clinton County,Pennsylvania,Williamsport-Lock Haven,PA
Franklin County,Idaho,,
Cache County,Utah,,
Cass County,Indiana,,
Clay County,Kentucky,,
Knox County,Kentucky,,
Laurel County,Kentucky,,
Whitley County,Kentucky,,
Gregg County,Texas,,
Harrison County,Texas,,
Rusk County,Texas,,
Upshur County,Texas,,
Cowlitz County,Washington,Portland-Vancouver-Salem,OR-WA
Los Alamos County,New Mexico,Albuquerque-Santa Fe-Las Vegas,NM
Los Alamos County,New Mexico,Albuquerque-Santa Fe-Las Vegas,NM
Orange County,California,Los Angeles-Long Beach,CA
Los Angeles County,California,Los Angeles-Long Beach,CA
Clark County,Indiana,Louisville/Jefferson County--Elizabethtown--Bardstown,KY-IN
Floyd County,Indiana,Louisville/Jefferson County--Elizabethtown--Bardstown,KY-IN
Harrison County,Indiana,Louisville/Jefferson County--Elizabethtown--Bardstown,KY-IN
Washington County,Indiana,Louisville/Jefferson County--Elizabethtown--Bardstown,KY-IN
Bullitt County,Kentucky,Louisville/Jefferson County--Elizabethtown--Bardstown,KY-IN
Henry County,Kentucky,Louisville/Jefferson County--Elizabethtown--Bardstown,KY-IN
Jefferson County,Kentucky,Louisville/Jefferson County--Elizabethtown--Bardstown,KY-IN
Oldham County,Kentucky,Louisville/Jefferson County--Elizabethtown--Bardstown,KY-IN
Shelby County,Kentucky,Louisville/Jefferson County--Elizabethtown--Bardstown,KY-IN
Spencer County,Kentucky,Louisville/Jefferson County--Elizabethtown--Bardstown,KY-IN
Crosby County,Texas,Lubbock-Plainview-Levelland,TX
Lubbock County,Texas,Lubbock-Plainview-Levelland,TX
Lynn County,Texas,Lubbock-Plainview-Levelland,TX
Mason County,Michigan,,
Angelina County,Texas,,
Robeson County,North Carolina,Fayetteville-Sanford-Lumberton,NC
Amherst County,Virginia,,
Appomattox County,Virginia,,
Bedford County,Virginia,,
Campbell County,Virginia,,
Lynchburg city,Virginia,,
McDonough County,Illinois,,
Bibb County,Georgia,Macon-Bibb County--Warner Robins,GA
Crawford County,Georgia,Macon-Bibb County--Warner Robins,GA
Jones County,Georgia,Macon-Bibb County--Warner Robins,GA
Monroe County,Georgia,Macon-Bibb County--Warner Robins,GA
Twiggs County,Georgia,Macon-Bibb County--Warner Robins,GA
Madera County,California,Fresno-Madera-Hanford,CA
Madera County,California,Fresno-Madera-Hanford,CA
Jefferson County,Indiana,,
Columbia County,Wisconsin,Madison-Janesville-Beloit,WI
Dane County,Wisconsin,Madison-Janesville-Beloit,WI
Green County,Wisconsin,Madison-Janesville-Beloit,WI
Iowa County,Wisconsin,Madison-Janesville-Beloit,WI
Hopkins County,Kentucky,,
Columbia County,Arkansas,,
Franklin County,New York,,
Hot Spring County,Arkansas,Hot Springs-Malvern,AR
Hillsborough County,New Hampshire,Boston-Worcester-Providence,MA-RI-NH-CT
Hillsborough County,New Hampshire,Boston-Worcester-Providence,MA-RI-NH-CT
Hillsborough County (Nashua),,,
Hillsborough County (Manchester),,,
Geary County,Kansas,,
Pottawatomie County,Kansas,,
Riley County,Kansas,,
Manitowoc County,Wisconsin,,
Blue Earth County,Minnesota,Mankato-New Ulm,MN
Nicollet County,Minnesota,Mankato-New Ulm,MN
Richland County,Ohio,Mansfield-Ashland-Bucyrus,OH
Washington County,Ohio,Parkersburg-Marietta-Vienna,WV-OH
Washington County,Ohio,Parkersburg-Marietta-Vienna,WV-OH
Menominee County,Michigan,Marinette-Iron Mountain,WI-MI
Marinette County,Wisconsin,Marinette-Iron Mountain,WI-MI
Grant County,Indiana,,
McDowell County,North Carolina,Asheville-Marion-Brevard,NC
Marion County,Ohio,Columbus-Marion-Zanesville,OH
Marquette County,Michigan,,
Lyon County,Minnesota,,
Saline County,Missouri,,
Marshall County,Iowa,,
Weakley County,Tennessee,Martin-Union City,TN
Henry County,Virginia,,
Martinsville city,Virginia,,
Nodaway County,Missouri,,
Cerro Gordo County,Iowa,,
Worth County,Iowa,,
Hormigueros Municipio,Puerto Rico,Mayagüez-San Germán,PR
Las Marías Municipio,Puerto Rico,Mayagüez-San Germán,PR
Mayagüez Municipio,Puerto Rico,Mayagüez-San Germán,PR
Graves County,Kentucky,Paducah-Mayfield,KY-IL
Mason County,Kentucky,Cincinnati-Wilmington-Maysville,OH-KY-IN
Pittsburg County,Oklahoma,,
Hidalgo County,Texas,McAllen-Edinburg,TX
Pike County,Mississippi,,
Warren County,Tennessee,,
McPherson County,Kansas,,
Crawford County,Pennsylvania,Erie-Meadville,PA
Jackson County,Oregon,Medford-Grants Pass,OR
Crittenden County,Arkansas,Memphis-Forrest City,TN-MS-AR
DeSoto County,Mississippi,Memphis-Forrest City,TN-MS-AR
Marshall County,Mississippi,Memphis-Forrest City,TN-MS-AR
Tate County,Mississippi,Memphis-Forrest City,TN-MS-AR
Tunica County,Mississippi,Memphis-Forrest City,TN-MS-AR
Fayette County,Tennessee,Memphis-Forrest City,TN-MS-AR
Shelby County,Tennessee,Memphis-Forrest City,TN-MS-AR
Tipton County,Tennessee,Memphis-Forrest City,TN-MS-AR
Dunn County,Wisconsin,Eau Claire-Menomonie,WI
Merced County,California,San Jose-San Francisco-Oakland,CA
Clarke County,Mississippi,,
Kemper County,Mississippi,,
Lauderdale County,Mississippi,,
Audrain County,Missouri,Columbia-Moberly-Mexico,MO
Ottawa County,Oklahoma,Joplin-Miami,MO-OK
Broward County,Florida,Miami-Port St. Lucie-Fort Lauderdale,FL
Miami-Dade County,Florida,Miami-Port St. Lucie-Fort Lauderdale,FL
Palm Beach County,Florida,Miami-Port St. Lucie-Fort Lauderdale,FL
LaPorte County,Indiana,Chicago-Naperville,IL-IN-WI
Bell County,Kentucky,,
Midland County,Michigan,Saginaw-Midland-Bay City,MI
Midland County,Michigan,Saginaw-Midland-Bay City,MI
Martin County,Texas,Midland-Odessa,TX
Midland County,Texas,Midland-Odessa,TX
Baldwin County,Georgia,,
Hancock County,Georgia,,
Milwaukee County,Wisconsin,Milwaukee-Racine-Waukesha,WI
Ozaukee County,Wisconsin,Milwaukee-Racine-Waukesha,WI
Washington County,Wisconsin,Milwaukee-Racine-Waukesha,WI
Waukesha County,Wisconsin,Milwaukee-Racine-Waukesha,WI
Webster Parish,Louisiana,Shreveport-Bossier City-Minden,LA
Webster Parish,Louisiana,Shreveport-Bossier City-Minden,LA
Palo Pinto County,Texas,Dallas-Fort Worth,TX-OK
Anoka County,Minnesota,Minneapolis-St. Paul,MN-WI
Carver County,Minnesota,Minneapolis-St. Paul,MN-WI
Chisago County,Minnesota,Minneapolis-St. Paul,MN-WI
Dakota County,Minnesota,Minneapolis-St. Paul,MN-WI
Hennepin County,Minnesota,Minneapolis-St. Paul,MN-WI
Isanti County,Minnesota,Minneapolis-St. Paul,MN-WI
Le Sueur County,Minnesota,Minneapolis-St. Paul,MN-WI
Mille Lacs County,Minnesota,Minneapolis-St. Paul,MN-WI
Ramsey County,Minnesota,Minneapolis-St. Paul,MN-WI
Scott County,Minnesota,Minneapolis-St. Paul,MN-WI
Sherburne County,Minnesota,Minneapolis-St. Paul,MN-WI
Washington County,Minnesota,Minneapolis-St. Paul,MN-WI
Wright County,Minnesota,Minneapolis-St. Paul,MN-WI
Pierce County,Wisconsin,Minneapolis-St. Paul,MN-WI
St. Croix County,Wisconsin,Minneapolis-St. Paul,MN-WI
McHenry County,North Dakota,,
Renville County,North Dakota,,
Ward County,North Dakota,,
Missoula County,Montana,,
Davison County,South Dakota,,
Hanson County,South Dakota,,
Randolph County,Missouri,Columbia-Moberly-Mexico,MO
Mobile County,Alabama,Mobile-Daphne-Fairhope,AL
Washington County,Alabama,Mobile-Daphne-Fairhope,AL
Stanislaus County,California,San Jose-San Francisco-Oakland,CA
Morehouse Parish,Louisiana,Monroe-Ruston,LA
Ouachita Parish,Louisiana,Monroe-Ruston,LA
Union Parish,Louisiana,Monroe-Ruston,LA
Monroe County,Michigan,Detroit-Warren-Ann Arbor,MI
Monroe County,Michigan,Detroit-Warren-Ann Arbor,MI
Autauga County,Alabama,Montgomery-Selma-Alexander City,AL
Elmore County,Alabama,Montgomery-Selma-Alexander City,AL
Lowndes County,Alabama,Montgomery-Selma-Alexander City,AL
Montgomery County,Alabama,Montgomery-Selma-Alexander City,AL
Montrose County,Colorado,,
Ouray County,Colorado,,
Carteret County,North Carolina,New Bern-Morehead City,NC
St. Mary Parish,Louisiana,Lafayette-Opelousas-Morgan City,LA
Monongalia County,West Virginia,Morgantown-Fairmont,WV
Preston County,West Virginia,Morgantown-Fairmont,WV
Grainger County,Tennessee,Knoxville-Morristown-Sevierville,TN
Hamblen County,Tennessee,Knoxville-Morristown-Sevierville,TN
Jefferson County,Tennessee,Knoxville-Morristown-Sevierville,TN
Latah County,Idaho,Pullman-Moscow,WA-ID
Grant County,Washington,Moses Lake-Othello,WA
Colquitt County,Georgia,,
Baxter County,Arkansas,,
Elmore County,Idaho,Boise City-Mountain Home-Ontario,ID-OR
Surry County,North Carolina,Greensboro--Winston-Salem--High Point,NC
Logan County,West Virginia,Charleston-Huntington-Ashland,WV-OH-KY
Isabella County,Michigan,Mount Pleasant-Alma,MI
Camp County,Texas,,
Titus County,Texas,,
Bath County,Kentucky,Lexington-Fayette--Richmond--Frankfort,KY
Menifee County,Kentucky,Lexington-Fayette--Richmond--Frankfort,KY
Montgomery County,Kentucky,Lexington-Fayette--Richmond--Frankfort,KY
Jefferson County,Illinois,,
Knox County,Ohio,Columbus-Marion-Zanesville,OH
Skagit County,Washington,Seattle-Tacoma,WA
Delaware County,Indiana,Indianapolis-Carmel-Muncie,IN
Calloway County,Kentucky,,
Muscatine County,Iowa,Davenport-Moline,IA-IL
Muskegon County,Michigan,Grand Rapids-Kentwood-Muskegon,MI
Muskegon County,Michigan,Grand Rapids-Kentwood-Muskegon,MI
Muskogee County,Oklahoma,Tulsa-Muskogee-Bartlesville,OK
Brunswick County,North Carolina,Myrtle Beach-Conway,SC-NC
Horry County,South Carolina,Myrtle Beach-Conway,SC-NC
Nacogdoches County,Texas,,
Napa County,California,San Jose-San Francisco-Oakland,CA
Collier County,Florida,Cape Coral-Fort Myers-Naples,FL
Cannon County,Tennessee,Nashville-Davidson--Murfreesboro,TN
Cheatham County,Tennessee,Nashville-Davidson--Murfreesboro,TN
Davidson County,Tennessee,Nashville-Davidson--Murfreesboro,TN
Dickson County,Tennessee,Nashville-Davidson--Murfreesboro,TN
Macon County,Tennessee,Nashville-Davidson--Murfreesboro,TN
Maury County,Tennessee,Nashville-Davidson--Murfreesboro,TN
Robertson County,Tennessee,Nashville-Davidson--Murfreesboro,TN
Rutherford County,Tennessee,Nashville-Davidson--Murfreesboro,TN
Smith County,Tennessee,Nashville-Davidson--Murfreesboro,TN
Sumner County,Tennessee,Nashville-Davidson--Murfreesboro,TN
Trousdale County,Tennessee,Nashville-Davidson--Murfreesboro,TN
Williamson County,Tennessee,Nashville-Davidson--Murfreesboro,TN
Wilson County,Tennessee,Nashville-Davidson--Murfreesboro,TN
Concordia Parish,Louisiana,,
Adams County,Mississippi,,
Natchitoches Parish,Louisiana,,
Craven County,North Carolina,New Bern-Morehead City,NC
Jones County,North Carolina,New Bern-Morehead City,NC
Pamlico County,North Carolina,New Bern-Morehead City,NC
Newberry County,South Carolina,Columbia-Orangeburg-Newberry,SC
Henry County,Indiana,Indianapolis-Carmel-Muncie,IN
Lawrence County,Pennsylvania,Pittsburgh-New Castle-Weirton,PA-OH-WV
New Haven County,Connecticut,New York-Newark,NY-NJ-CT-PA
New Haven County,Connecticut,New York-Newark,NY-NJ-CT-PA
Jefferson Parish,Louisiana,New Orleans-Metairie-Hammond,LA-MS
Orleans Parish,Louisiana,New Orleans-Metairie-Hammond,LA-MS
Plaquemines Parish,Louisiana,New Orleans-Metairie-Hammond,LA-MS
St. Bernard Parish,Louisiana,New Orleans-Metairie-Hammond,LA-MS
St. Charles Parish,Louisiana,New Orleans-Metairie-Hammond,LA-MS
St. James Parish,Louisiana,New Orleans-Metairie-Hammond,LA-MS
St. John the Baptist Parish,Louisiana,New Orleans-Metairie-Hammond,LA-MS
St. Tammany Parish,Louisiana,New Orleans-Metairie-Hammond,LA-MS
Tuscarawas County,Ohio,Cleveland-Akron-Canton,OH
Lincoln County,Oregon,,
Cocke County,Tennessee,Knoxville-Morristown-Sevierville,TN
Brown County,Minnesota,Mankato-New Ulm,MN
Nassau County,New York,New York-Newark,NY-NJ-CT-PA
Suffolk County,New York,New York-Newark,NY-NJ-CT-PA
Essex County,New Jersey,New York-Newark,NY-NJ-CT-PA
Hunterdon County,New Jersey,New York-Newark,NY-NJ-CT-PA
Morris County,New Jersey,New York-Newark,NY-NJ-CT-PA
Sussex County,New Jersey,New York-Newark,NY-NJ-CT-PA
Union County,New Jersey,New York-Newark,NY-NJ-CT-PA
Pike County,Pennsylvania,New York-Newark,NY-NJ-CT-PA
Pike County,Pennsylvania,New York-Newark,NY-NJ-CT-PA
Middlesex County,New Jersey,New York-Newark,NY-NJ-CT-PA
Monmouth County,New Jersey,New York-Newark,NY-NJ-CT-PA
Monmouth County,New Jersey,New York-Newark,NY-NJ-CT-PA
Ocean County,New Jersey,New York-Newark,NY-NJ-CT-PA
Somerset County,New Jersey,New York-Newark,NY-NJ-CT-PA
Bergen County,New Jersey,New York-Newark,NY-NJ-CT-PA
Hudson County,New Jersey,New York-Newark,NY-NJ-CT-PA
Passaic County,New Jersey,New York-Newark,NY-NJ-CT-PA
Bronx County,New York,New York-Newark,NY-NJ-CT-PA
Kings County,New York,New York-Newark,NY-NJ-CT-PA
New York County,New York,New York-Newark,NY-NJ-CT-PA
Putnam County,New York,New York-Newark,NY-NJ-CT-PA
Queens County,New York,New York-Newark,NY-NJ-CT-PA
Richmond County,New York,New York-Newark,NY-NJ-CT-PA
Rockland County,New York,New York-Newark,NY-NJ-CT-PA
Westchester County,New York,New York-Newark,NY-NJ-CT-PA
Berrien County,Michigan,South Bend-Elkhart-Mishawaka,IN-MI
Santa Cruz County,Arizona,Tucson-Nogales,AZ
Madison County,Nebraska,,
Pierce County,Nebraska,,
Stanton County,Nebraska,,
Lincoln County,Nebraska,,
Logan County,Nebraska,,
McPherson County,Nebraska,,
Manatee County,Florida,North Port-Sarasota,FL
Sarasota County,Florida,North Port-Sarasota,FL
Jennings County,Indiana,Indianapolis-Carmel-Muncie,IN
Wilkes County,North Carolina,,
Huron County,Ohio,Cleveland-Akron-Canton,OH
New London County,Connecticut,Hartford-East Hartford,CT
Island County,Washington,Seattle-Tacoma,WA
Island County,Washington,Seattle-Tacoma,WA
Marion County,Florida,,
Cape May County,New Jersey,Philadelphia-Reading-Camden,PA-NJ-DE-MD
Cape May County,New Jersey,Philadelphia-Reading-Camden,PA-NJ-DE-MD
Ector County,Texas,Midland-Odessa,TX
Ector County,Texas,Midland-Odessa,TX
Box Elder County,Utah,Salt Lake City-Provo-Orem,UT
Davis County,Utah,Salt Lake City-Provo-Orem,UT
Morgan County,Utah,Salt Lake City-Provo-Orem,UT
Weber County,Utah,Salt Lake City-Provo-Orem,UT
St. Lawrence County,New York,,
Venango County,Pennsylvania,,
Okeechobee County,Florida,,
Canadian County,Oklahoma,Oklahoma City-Shawnee,OK
Cleveland County,Oklahoma,Oklahoma City-Shawnee,OK
Grady County,Oklahoma,Oklahoma City-Shawnee,OK
Lincoln County,Oklahoma,Oklahoma City-Shawnee,OK
Logan County,Oklahoma,Oklahoma City-Shawnee,OK
McClain County,Oklahoma,Oklahoma City-Shawnee,OK
Oklahoma County,Oklahoma,Oklahoma City-Shawnee,OK
Cattaraugus County,New York,Buffalo-Cheektowaga-Olean,NY
Thurston County,Washington,Seattle-Tacoma,WA
Harrison County,Iowa,Omaha-Council Bluffs-Fremont,NE-IA
Mills County,Iowa,Omaha-Council Bluffs-Fremont,NE-IA
Pottawattamie County,Iowa,Omaha-Council Bluffs-Fremont,NE-IA
Cass County,Nebraska,Omaha-Council Bluffs-Fremont,NE-IA
Douglas County,Nebraska,Omaha-Council Bluffs-Fremont,NE-IA
Sarpy County,Nebraska,Omaha-Council Bluffs-Fremont,NE-IA
Saunders County,Nebraska,Omaha-Council Bluffs-Fremont,NE-IA
Washington County,Nebraska,Omaha-Council Bluffs-Fremont,NE-IA
Otsego County,New York,,
Payette County,Idaho,Boise City-Mountain Home-Ontario,ID-OR
Malheur County,Oregon,Boise City-Mountain Home-Ontario,ID-OR
St. Landry Parish,Louisiana,Lafayette-Opelousas-Morgan City,LA
St. Landry Parish,Louisiana,Lafayette-Opelousas-Morgan City,LA
Orangeburg County,South Carolina,Columbia-Orangeburg-Newberry,SC
Lake County,Florida,Orlando-Lakeland-Deltona,FL
Orange County,Florida,Orlando-Lakeland-Deltona,FL
Osceola County,Florida,Orlando-Lakeland-Deltona,FL
Seminole County,Florida,Orlando-Lakeland-Deltona,FL
Winnebago County,Wisconsin,Appleton-Oshkosh-Neenah,WI
Winnebago County,Wisconsin,Appleton-Oshkosh-Neenah,WI
Mahaska County,Iowa,Des Moines-Ames-West Des Moines,IA
Adams County,Washington,Moses Lake-Othello,WA
Bureau County,Illinois,Chicago-Naperville,IL-IN-WI
LaSalle County,Illinois,Chicago-Naperville,IL-IN-WI
Putnam County,Illinois,Chicago-Naperville,IL-IN-WI
Franklin County,Kansas,Kansas City-Overland Park-Kansas City,MO-KS
Wapello County,Iowa,,
Steele County,Minnesota,Minneapolis-St. Paul,MN-WI
Daviess County,Kentucky,,
Hancock County,Kentucky,,
McLean County,Kentucky,,
Lafayette County,Mississippi,,
Ventura County,California,Los Angeles-Long Beach,CA
Dale County,Alabama,Dothan-Ozark,AL
Dale County,Alabama,Dothan-Ozark,AL
Massac County,Illinois,Paducah-Mayfield,KY-IL
Ballard County,Kentucky,Paducah-Mayfield,KY-IL
Livingston County,Kentucky,Paducah-Mayfield,KY-IL
McCracken County,Kentucky,Paducah-Mayfield,KY-IL
Nye County,Nevada,Las Vegas-Henderson,NV
Nye County,Nevada,Las Vegas-Henderson,NV
Putnam County,Florida,Jacksonville-St. Marys-Palatka,FL-GA
Anderson County,Texas,,
Brevard County,Florida,,
Gray County,Texas,Amarillo-Pampa-Borger,TX
Roberts County,Texas,Amarillo-Pampa-Borger,TX
Bay County,Florida,,
Greene County,Arkansas,Jonesboro-Paragould,AR
Henry County,Tennessee,,
Lamar County,Texas,,
Wirt County,West Virginia,Parkersburg-Marietta-Vienna,WV-OH
Wood County,West Virginia,Parkersburg-Marietta-Vienna,WV-OH
Labette County,Kansas,,
Gila County,Arizona,Phoenix-Mesa,AZ
Frio County,Texas,San Antonio-New Braunfels-Pearsall,TX
Loving County,Texas,,
Reeves County,Texas,,
Marion County,Iowa,Des Moines-Ames-West Des Moines,IA
Escambia County,Florida,Pensacola-Ferry Pass,FL-AL
Santa Rosa County,Florida,Pensacola-Ferry Pass,FL-AL
Fulton County,Illinois,,
Marshall County,Illinois,,
Peoria County,Illinois,,
Stark County,Illinois,,
Tazewell County,Illinois,,
Woodford County,Illinois,,
Miami County,Indiana,Kokomo-Peru,IN
Burlington County,New Jersey,Philadelphia-Reading-Camden,PA-NJ-DE-MD
Camden County,New Jersey,Philadelphia-Reading-Camden,PA-NJ-DE-MD
Gloucester County,New Jersey,Philadelphia-Reading-Camden,PA-NJ-DE-MD
Bucks County,Pennsylvania,Philadelphia-Reading-Camden,PA-NJ-DE-MD
Chester County,Pennsylvania,Philadelphia-Reading-Camden,PA-NJ-DE-MD
Montgomery County,Pennsylvania,Philadelphia-Reading-Camden,PA-NJ-DE-MD
Delaware County,Pennsylvania,Philadelphia-Reading-Camden,PA-NJ-DE-MD
Philadelphia County,Pennsylvania,Philadelphia-Reading-Camden,PA-NJ-DE-MD
New Castle County,Delaware,Philadelphia-Reading-Camden,PA-NJ-DE-MD
Cecil County,Maryland,Philadelphia-Reading-Camden,PA-NJ-DE-MD
Salem County,New Jersey,Philadelphia-Reading-Camden,PA-NJ-DE-MD
Maricopa County,Arizona,Phoenix-Mesa,AZ
Pinal County,Arizona,Phoenix-Mesa,AZ
Pearl River County,Mississippi,New Orleans-Metairie-Hammond,LA-MS
Hughes County,South Dakota,,
Stanley County,South Dakota,,
Cleveland County,Arkansas,Little Rock-North Little Rock,AR
Jefferson County,Arkansas,Little Rock-North Little Rock,AR
Lincoln County,Arkansas,Little Rock-North Little Rock,AR
Moore County,North Carolina,Fayetteville-Sanford-Lumberton,NC
Crawford County,Kansas,,
Allegheny County,Pennsylvania,Pittsburgh-New Castle-Weirton,PA-OH-WV
Armstrong County,Pennsylvania,Pittsburgh-New Castle-Weirton,PA-OH-WV
Beaver County,Pennsylvania,Pittsburgh-New Castle-Weirton,PA-OH-WV
Butler County,Pennsylvania,Pittsburgh-New Castle-Weirton,PA-OH-WV
Fayette County,Pennsylvania,Pittsburgh-New Castle-Weirton,PA-OH-WV
Washington County,Pennsylvania,Pittsburgh-New Castle-Weirton,PA-OH-WV
Westmoreland County,Pennsylvania,Pittsburgh-New Castle-Weirton,PA-OH-WV
Berkshire County,Massachusetts,,
Hale County,Texas,Lubbock-Plainview-Levelland,TX
Grant County,Wisconsin,,
Clinton County,New York,,
Marshall County,Indiana,South Bend-Elkhart-Mishawaka,IN-MI
Bannock County,Idaho,,
Power County,Idaho,,
Gallia County,Ohio,Charleston-Huntington-Ashland,WV-OH-KY
Mason County,West Virginia,Charleston-Huntington-Ashland,WV-OH-KY
Kay County,Oklahoma,,
Adjuntas Municipio,Puerto Rico,Ponce-Yauco-Coamo,PR
Juana Díaz Municipio,Puerto Rico,Ponce-Yauco-Coamo,PR
Ponce Municipio,Puerto Rico,Ponce-Yauco-Coamo,PR
Villalba Municipio,Puerto Rico,Ponce-Yauco-Coamo,PR
Livingston County,Illinois,Bloomington-Pontiac,IL
Butler County,Missouri,,
Ripley County,Missouri,,
Roosevelt County,New Mexico,Clovis-Portales,NM
Clallam County,Washington,,
Cumberland County,Maine,Portland-Lewiston-South Portland,ME
Sagadahoc County,Maine,Portland-Lewiston-South Portland,ME
York County,Maine,Portland-Lewiston-South Portland,ME
Clackamas County,Oregon,Portland-Vancouver-Salem,OR-WA
Columbia County,Oregon,Portland-Vancouver-Salem,OR-WA
Multnomah County,Oregon,Portland-Vancouver-Salem,OR-WA
Washington County,Oregon,Portland-Vancouver-Salem,OR-WA
Yamhill County,Oregon,Portland-Vancouver-Salem,OR-WA
Clark County,Washington,Portland-Vancouver-Salem,OR-WA
Skamania County,Washington,Portland-Vancouver-Salem,OR-WA
Calhoun County,Texas,Victoria-Port Lavaca,TX
Martin County,Florida,Miami-Port St. Lucie-Fort Lauderdale,FL
St. Lucie County,Florida,Miami-Port St. Lucie-Fort Lauderdale,FL
Scioto County,Ohio,Charleston-Huntington-Ashland,WV-OH-KY
Schuylkill County,Pennsylvania,,
Dutchess County,New York,New York-Newark,NY-NJ-CT-PA
Orange County,New York,New York-Newark,NY-NJ-CT-PA
Yavapai County,Arizona,,
Carbon County,Utah,,
Crook County,Oregon,Bend-Prineville,OR
Bristol County,Massachusetts,Boston-Worcester-Providence,MA-RI-NH-CT
Bristol County,Massachusetts,Boston-Worcester-Providence,MA-RI-NH-CT
Bristol County,Rhode Island,Boston-Worcester-Providence,MA-RI-NH-CT
Plymouth (Brockton),Massachusetts,,
Bristol/Plymouth County,Massachusetts,,
Kent County,Rhode Island,Boston-Worcester-Providence,MA-RI-NH-CT
Newport County,Rhode Island,Boston-Worcester-Providence,MA-RI-NH-CT
Providence County,Rhode Island,Boston-Worcester-Providence,MA-RI-NH-CT
Washington County,Rhode Island,Boston-Worcester-Providence,MA-RI-NH-CT
Juab County,Utah,Salt Lake City-Provo-Orem,UT
Utah County,Utah,Salt Lake City-Provo-Orem,UT
Pueblo County,Colorado,Pueblo-Cañon City,CO
Whitman County,Washington,Pullman-Moscow,WA-ID
Charlotte County,Florida,North Port-Sarasota,FL
Adams County,Illinois,Quincy-Hannibal,IL-MO
Lewis County,Missouri,Quincy-Hannibal,IL-MO
Racine County,Wisconsin,Milwaukee-Racine-Waukesha,WI
Franklin County,North Carolina,Raleigh-Durham-Cary,NC
Johnston County,North Carolina,Raleigh-Durham-Cary,NC
Wake County,North Carolina,Raleigh-Durham-Cary,NC
Meade County,South Dakota,Rapid City-Spearfish,SD
Pennington County,South Dakota,Rapid City-Spearfish,SD
Willacy County,Texas,Brownsville-Harlingen-Raymondville,TX
Berks County,Pennsylvania,Philadelphia-Reading-Camden,PA-NJ-DE-MD
Tehama County,California,Redding-Red Bluff,CA
Shasta County,California,Redding-Red Bluff,CA
Goodhue County,Minnesota,Minneapolis-St. Paul,MN-WI
Storey County,Nevada,Reno-Carson City-Fernley,NV
Washoe County,Nevada,Reno-Carson City-Fernley,NV
Fremont County,Idaho,Idaho Falls-Rexburg-Blackfoot,ID
Madison County,Idaho,Idaho Falls-Rexburg-Blackfoot,ID
Wayne County,Indiana,Richmond-Connersville,IN
Amelia County,Virginia,,
Charles City County,Virginia,,
Chesterfield County,Virginia,,
Dinwiddie County,Virginia,,
Goochland County,Virginia,,
Hanover County,Virginia,,
Henrico County,Virginia,,
King and Queen County,Virginia,,
King William County,Virginia,,
New Kent County,Virginia,,
Powhatan County,Virginia,,
Prince George County,Virginia,,
Sussex County,Virginia,,
Colonial Heights city,Virginia,,
Hopewell city,Virginia,,
Petersburg city,Virginia,,
Richmond city,Virginia,,
Estill County,Kentucky,Lexington-Fayette--Richmond--Frankfort,KY
Madison County,Kentucky,Lexington-Fayette--Richmond--Frankfort,KY
Madison County,Kentucky,Lexington-Fayette--Richmond--Frankfort,KY
Starr County,Texas,McAllen-Edinburg,TX
Riverside County,California,Los Angeles-Long Beach,CA
San Bernardino County,California,Los Angeles-Long Beach,CA
Fremont County,Wyoming,,
Botetourt County,Virginia,,
Craig County,Virginia,,
Franklin County,Virginia,,
Roanoke County,Virginia,,
Roanoke city,Virginia,,
Salem city,Virginia,,
Halifax County,North Carolina,Rocky Mount-Wilson-Roanoke Rapids,NC
Northampton County,North Carolina,Rocky Mount-Wilson-Roanoke Rapids,NC
Ogle County,Illinois,Rockford-Freeport-Rochelle,IL
Ogle County,Illinois,Rockford-Freeport-Rochelle,IL
Dodge County,Minnesota,Rochester-Austin,MN
Fillmore County,Minnesota,Rochester-Austin,MN
Olmsted County,Minnesota,Rochester-Austin,MN
Wabasha County,Minnesota,Rochester-Austin,MN
Livingston County,New York,Rochester-Batavia-Seneca Falls,NY
Monroe County,New York,Rochester-Batavia-Seneca Falls,NY
Ontario County,New York,Rochester-Batavia-Seneca Falls,NY
Orleans County,New York,Rochester-Batavia-Seneca Falls,NY
Wayne County,New York,Rochester-Batavia-Seneca Falls,NY
Yates County,New York,Rochester-Batavia-Seneca Falls,NY
Boone County,Illinois,Rockford-Freeport-Rochelle,IL
Winnebago County,Illinois,Rockford-Freeport-Rochelle,IL
Richmond County,North Carolina,,
Aransas County,Texas,Corpus Christi-Kingsville-Alice,TX
Sweetwater County,Wyoming,,
Edgecombe County,North Carolina,Rocky Mount-Wilson-Roanoke Rapids,NC
Nash County,North Carolina,Rocky Mount-Wilson-Roanoke Rapids,NC
Phelps County,Missouri,,
Floyd County,Georgia,Atlanta--Athens-Clarke County--Sandy Springs,GA-AL
Douglas County,Oregon,,
Chaves County,New Mexico,,
Lincoln County,New Mexico,,
Pope County,Arkansas,,
Yell County,Arkansas,,
Lincoln Parish,Louisiana,Monroe-Ruston,LA
Rutland County,Vermont,,
El Dorado County,California,Sacramento-Roseville,CA
Placer County,California,Sacramento-Roseville,CA
Sacramento County,California,Sacramento-Roseville,CA
Yolo County,California,Sacramento-Roseville,CA
Graham County,Arizona,,
Saginaw County,Michigan,Saginaw-Midland-Bay City,MI
Benton County,Minnesota,Minneapolis-St. Paul,MN-WI
Stearns County,Minnesota,Minneapolis-St. Paul,MN-WI
Washington County,Utah,,
Doniphan County,Kansas,Kansas City-Overland Park-Kansas City,MO-KS
Andrew County,Missouri,Kansas City-Overland Park-Kansas City,MO-KS
Buchanan County,Missouri,Kansas City-Overland Park-Kansas City,MO-KS
DeKalb County,Missouri,Kansas City-Overland Park-Kansas City,MO-KS
Bond County,Illinois,St. Louis-St. Charles-Farmington,MO-IL
Calhoun County,Illinois,St. Louis-St. Charles-Farmington,MO-IL
Clinton County,Illinois,St. Louis-St. Charles-Farmington,MO-IL
Jersey County,Illinois,St. Louis-St. Charles-Farmington,MO-IL
Macoupin County,Illinois,St. Louis-St. Charles-Farmington,MO-IL
Madison County,Illinois,St. Louis-St. Charles-Farmington,MO-IL
Monroe County,Illinois,St. Louis-St. Charles-Farmington,MO-IL
St. Clair County,Illinois,St. Louis-St. Charles-Farmington,MO-IL
Franklin County,Missouri,St. Louis-St. Charles-Farmington,MO-IL
Jefferson County,Missouri,St. Louis-St. Charles-Farmington,MO-IL
Lincoln County,Missouri,St. Louis-St. Charles-Farmington,MO-IL
St. Charles County,Missouri,St. Louis-St. Charles-Farmington,MO-IL
St. Louis County,Missouri,St. Louis-St. Charles-Farmington,MO-IL
Warren County,Missouri,St. Louis-St. Charles-Farmington,MO-IL
St. Louis city,Missouri,St. Louis-St. Charles-Farmington,MO-IL
Camden County,Georgia,Jacksonville-St. Marys-Palatka,FL-GA
Elk County,Pennsylvania,,
Columbiana County,Ohio,Youngstown-Warren,OH-PA
Columbiana County,Ohio,Youngstown-Warren,OH-PA
Marion County,Oregon,Portland-Vancouver-Salem,OR-WA
Polk County,Oregon,Portland-Vancouver-Salem,OR-WA
Ottawa County,Kansas,,
Saline County,Kansas,,
Monterey County,California,,
Sussex County,Delaware,Salisbury-Cambridge,MD-DE
Somerset County,Maryland,Salisbury-Cambridge,MD-DE
Wicomico County,Maryland,Salisbury-Cambridge,MD-DE
Worcester County,Maryland,Salisbury-Cambridge,MD-DE
Salt Lake County,Utah,Salt Lake City-Provo-Orem,UT
Salt Lake County,Utah,Salt Lake City-Provo-Orem,UT
Tooele County,Utah,Salt Lake City-Provo-Orem,UT
Irion County,Texas,,
Sterling County,Texas,,
Tom Green County,Texas,,
Atascosa County,Texas,San Antonio-New Braunfels-Pearsall,TX
Bandera County,Texas,San Antonio-New Braunfels-Pearsall,TX
Bexar County,Texas,San Antonio-New Braunfels-Pearsall,TX
Comal County,Texas,San Antonio-New Braunfels-Pearsall,TX
Guadalupe County,Texas,San Antonio-New Braunfels-Pearsall,TX
Kendall County,Texas,San Antonio-New Braunfels-Pearsall,TX
Medina County,Texas,San Antonio-New Braunfels-Pearsall,TX
Wilson County,Texas,San Antonio-New Braunfels-Pearsall,TX
San Diego County,California,,
Bonner County,Idaho,,
Erie County,Ohio,Cleveland-Akron-Canton,OH
Lee County,North Carolina,Fayetteville-Sanford-Lumberton,NC
Alameda County,California,San Jose-San Francisco-Oakland,CA
Contra Costa County,California,San Jose-San Francisco-Oakland,CA
San Francisco County,California,San Jose-San Francisco-Oakland,CA
San Mateo County,California,San Jose-San Francisco-Oakland,CA
Marin County,California,San Jose-San Francisco-Oakland,CA
Cabo Rojo Municipio,Puerto Rico,Mayagüez-San Germán,PR
Cabo Rojo Municipio,Puerto Rico,Mayagüez-San Germán,PR
Lajas Municipio,Puerto Rico,Mayagüez-San Germán,PR
Sabana Grande Municipio,Puerto Rico,Mayagüez-San Germán,PR
Sabana Grande Municipio,Puerto Rico,Mayagüez-San Germán,PR
San Germán Municipio,Puerto Rico,Mayagüez-San Germán,PR
San Germán Municipio,Puerto Rico,Mayagüez-San Germán,PR
San Benito County,California,San Jose-San Francisco-Oakland,CA
Santa Clara County,California,San Jose-San Francisco-Oakland,CA
Aguas Buenas Municipio,Puerto Rico,San Juan-Bayamón,PR
Aibonito Municipio,Puerto Rico,San Juan-Bayamón,PR
Barceloneta Municipio,Puerto Rico,San Juan-Bayamón,PR
Barranquitas Municipio,Puerto Rico,San Juan-Bayamón,PR
Bayamón Municipio,Puerto Rico,San Juan-Bayamón,PR
Caguas Municipio,Puerto Rico,San Juan-Bayamón,PR
Canóvanas Municipio,Puerto Rico,San Juan-Bayamón,PR
Carolina Municipio,Puerto Rico,San Juan-Bayamón,PR
Cataño Municipio,Puerto Rico,San Juan-Bayamón,PR
Cayey Municipio,Puerto Rico,San Juan-Bayamón,PR
Ceiba Municipio,Puerto Rico,San Juan-Bayamón,PR
Ciales Municipio,Puerto Rico,San Juan-Bayamón,PR
Cidra Municipio,Puerto Rico,San Juan-Bayamón,PR
Comerío Municipio,Puerto Rico,San Juan-Bayamón,PR
Corozal Municipio,Puerto Rico,San Juan-Bayamón,PR
Dorado Municipio,Puerto Rico,San Juan-Bayamón,PR
Fajardo Municipio,Puerto Rico,San Juan-Bayamón,PR
Florida Municipio,Puerto Rico,San Juan-Bayamón,PR
Guaynabo Municipio,Puerto Rico,San Juan-Bayamón,PR
Gurabo Municipio,Puerto Rico,San Juan-Bayamón,PR
Humacao Municipio,Puerto Rico,San Juan-Bayamón,PR
Juncos Municipio,Puerto Rico,San Juan-Bayamón,PR
Las Piedras Municipio,Puerto Rico,San Juan-Bayamón,PR
Loíza Municipio,Puerto Rico,San Juan-Bayamón,PR
Luquillo Municipio,Puerto Rico,San Juan-Bayamón,PR
Manatí Municipio,Puerto Rico,San Juan-Bayamón,PR
Maunabo Municipio,Puerto Rico,San Juan-Bayamón,PR
Morovis Municipio,Puerto Rico,San Juan-Bayamón,PR
Naguabo Municipio,Puerto Rico,San Juan-Bayamón,PR
Naranjito Municipio,Puerto Rico,San Juan-Bayamón,PR
Orocovis Municipio,Puerto Rico,San Juan-Bayamón,PR
Río Grande Municipio,Puerto Rico,San Juan-Bayamón,PR
San Juan Municipio,Puerto Rico,San Juan-Bayamón,PR
San Lorenzo Municipio,Puerto Rico,San Juan-Bayamón,PR
Toa Alta Municipio,Puerto Rico,San Juan-Bayamón,PR
Toa Baja Municipio,Puerto Rico,San Juan-Bayamón,PR
Trujillo Alto Municipio,Puerto Rico,San Juan-Bayamón,PR
Vega Alta Municipio,Puerto Rico,San Juan-Bayamón,PR
Vega Baja Municipio,Puerto Rico,San Juan-Bayamón,PR
Yabucoa Municipio,Puerto Rico,San Juan-Bayamón,PR
San Luis Obispo County,California,,
Santa Cruz County,California,San Jose-San Francisco-Oakland,CA
Santa Fe County,New Mexico,Albuquerque-Santa Fe-Las Vegas,NM
Santa Isabel Municipio,Puerto Rico,Ponce-Yauco-Coamo,PR
Santa Barbara County,California,,
Sonoma County,California,San Jose-San Francisco-Oakland,CA
Chippewa County,Michigan,,
Bryan County,Georgia,Savannah-Hinesville-Statesboro,GA
Chatham County,Georgia,Savannah-Hinesville-Statesboro,GA
Effingham County,Georgia,Savannah-Hinesville-Statesboro,GA
Bradford County,Pennsylvania,,
Banner County,Nebraska,,
Scotts Bluff County,Nebraska,,
Sioux County,Nebraska,,
Jackson County,Alabama,Scottsboro-Fort Payne,AL
Scott County,Indiana,Louisville/Jefferson County--Elizabethtown--Bardstown,KY-IN
Scott County,Indiana,Louisville/Jefferson County--Elizabethtown--Bardstown,KY-IN
Lackawanna County,Pennsylvania,,
Luzerne County,Pennsylvania,,
Wyoming County,Pennsylvania,,
White County,Arkansas,Little Rock-North Little Rock,AR
King County,Washington,Seattle-Tacoma,WA
Snohomish County,Washington,Seattle-Tacoma,WA
Pierce County,Washington,Seattle-Tacoma,WA
Indian River County,Florida,Miami-Port St. Lucie-Fort Lauderdale,FL
Highlands County,Florida,,
Pettis County,Missouri,,
Snyder County,Pennsylvania,Bloomsburg-Berwick-Sunbury,PA
Dallas County,Alabama,Montgomery-Selma-Alexander City,AL
Oconee County,South Carolina,Greenville-Spartanburg-Anderson,SC
Seneca County,New York,Rochester-Batavia-Seneca Falls,NY
Sevier County,Tennessee,Knoxville-Morristown-Sevierville,TN
Sevier County,Tennessee,Knoxville-Morristown-Sevierville,TN
Jackson County,Indiana,Indianapolis-Carmel-Muncie,IN
Menominee County,Wisconsin,Green Bay-Shawano,WI
Shawano County,Wisconsin,Green Bay-Shawano,WI
Pottawatomie County,Oklahoma,Oklahoma City-Shawnee,OK
Pottawatomie County,Oklahoma,Oklahoma City-Shawnee,OK
Sheboygan County,Wisconsin,,
Cleveland County,North Carolina,Charlotte-Concord,NC-SC
Bedford County,Tennessee,Nashville-Davidson--Murfreesboro,TN
Mason County,Washington,Seattle-Tacoma,WA
Sheridan County,Wyoming,,
Grayson County,Texas,Dallas-Fort Worth,TX-OK
Navajo County,Arizona,,
Bossier Parish,Louisiana,Shreveport-Bossier City-Minden,LA
Caddo Parish,Louisiana,Shreveport-Bossier City-Minden,LA
De Soto Parish,Louisiana,Shreveport-Bossier City-Minden,LA
Shelby County,Ohio,Dayton-Springfield-Kettering,OH
Cochise County,Arizona,,
Scott County,Missouri,Cape Girardeau-Sikeston,MO-IL
Grant County,New Mexico,,
Woodbury County,Iowa,,
Dakota County,Nebraska,,
Dixon County,Nebraska,,
Union County,South Dakota,,
Lincoln County,South Dakota,,
McCook County,South Dakota,,
Minnehaha County,South Dakota,,
Turner County,South Dakota,,
Scurry County,Texas,,
Pulaski County,Kentucky,,
Somerset County,Pennsylvania,Johnstown-Somerset,PA
Somerset County,Pennsylvania,Johnstown-Somerset,PA
Tuolumne County,California,,
St. Joseph County,Indiana,South Bend-Elkhart-Mishawaka,IN-MI
Cass County,Michigan,South Bend-Elkhart-Mishawaka,IN-MI
Spartanburg County,South Carolina,Greenville-Spartanburg-Anderson,SC
Spartanburg County,South Carolina,Greenville-Spartanburg-Anderson,SC
Lawrence County,South Dakota,Rapid City-Spearfish,SD
Clay County,Iowa,Spencer-Spirit Lake,IA
Dickinson County,Iowa,Spencer-Spirit Lake,IA
Spokane County,Washington,Spokane-Spokane Valley-Coeur d'Alene,WA-ID
Stevens County,Washington,Spokane-Spokane Valley-Coeur d'Alene,WA-ID
Menard County,Illinois,Springfield-Jacksonville-Lincoln,IL
Sangamon County,Illinois,Springfield-Jacksonville-Lincoln,IL
Franklin County,Massachusetts,,
Hampden County,Massachusetts,,
Hampshire County,Massachusetts,,
Christian County,Missouri,,
Dallas County,Missouri,,
Greene County,Missouri,,
Polk County,Missouri,,
Webster County,Missouri,,
Clark County,Ohio,Dayton-Springfield-Kettering,OH
Clark County,Ohio,Dayton-Springfield-Kettering,OH
Oktibbeha County,Mississippi,,
Webster County,Mississippi,,
Centre County,Pennsylvania,State College-DuBois,PA
Bulloch County,Georgia,Savannah-Hinesville-Statesboro,GA
Augusta County,Virginia,Harrisonburg-Staunton,VA
Staunton city,Virginia,Harrisonburg-Staunton,VA
Waynesboro city,Virginia,Harrisonburg-Staunton,VA
Routt County,Colorado,Steamboat Springs-Craig,CO
Erath County,Texas,,
Logan County,Colorado,,
Whiteside County,Illinois,Dixon-Sterling,IL
Portage County,Wisconsin,Wausau-Stevens Point-Wisconsin Rapids,WI
Payne County,Oklahoma,,
San Joaquin County,California,San Jose-San Francisco-Oakland,CA
Buena Vista County,Iowa,,
St. Joseph County,Michigan,Kalamazoo-Battle Creek-Portage,MI
Hopkins County,Texas,,
Chattooga County,Georgia,Chattanooga-Cleveland-Dalton,TN-GA
Clarendon County,South Carolina,,
Sumter County,South Carolina,,
Northumberland County,Pennsylvania,Bloomsburg-Berwick-Sunbury,PA
Lassen County,California,,
Nolan County,Texas,,
Madison County,New York,Syracuse-Auburn,NY
Onondaga County,New York,Syracuse-Auburn,NY
Oswego County,New York,Syracuse-Auburn,NY
Cherokee County,Oklahoma,,
Talladega County,Alabama,Birmingham-Hoover-Talladega,AL
Gadsden County,Florida,,
Jefferson County,Florida,,
Leon County,Florida,,
Wakulla County,Florida,,
Hernando County,Florida,,
Hillsborough County,Florida,,
Pasco County,Florida,,
Pinellas County,Florida,,
Taos County,New Mexico,,
Christian County,Illinois,Springfield-Jacksonville-Lincoln,IL
Clay County,Indiana,,
Parke County,Indiana,,
Sullivan County,Indiana,,
Vermillion County,Indiana,,
Vigo County,Indiana,,
Little River County,Arkansas,,
Miller County,Arkansas,,
Bowie County,Texas,,
Wasco County,Oregon,,
Sumter County,Florida,Orlando-Lakeland-Deltona,FL
Upson County,Georgia,Atlanta--Athens-Clarke County--Sandy Springs,GA-AL
Thomas County,Georgia,,
Seneca County,Ohio,Toledo-Findlay-Tiffin,OH
Tift County,Georgia,,
Stephens County,Georgia,Atlanta--Athens-Clarke County--Sandy Springs,GA-AL
Fulton County,Ohio,Toledo-Findlay-Tiffin,OH
Lucas County,Ohio,Toledo-Findlay-Tiffin,OH
Ottawa County,Ohio,Toledo-Findlay-Tiffin,OH
Wood County,Ohio,Toledo-Findlay-Tiffin,OH
Jackson County,Kansas,,
Jefferson County,Kansas,,
Osage County,Kansas,,
Shawnee County,Kansas,,
Wabaunsee County,Kansas,,
Litchfield County,Connecticut,Hartford-East Hartford,CT
Litchfield County,Connecticut,New York-Newark,NY-NJ-CT-PA
Benzie County,Michigan,,
Grand Traverse County,Michigan,,
Kalkaska County,Michigan,,
Leelanau County,Michigan,,
Mercer County,New Jersey,New York-Newark,NY-NJ-CT-PA
Pike County,Alabama,,
Nevada County,California,Sacramento-Roseville,CA
Pima County,Arizona,Tucson-Nogales,AZ
Coffee County,Tennessee,,
Franklin County,Tennessee,,
Moore County,Tennessee,,
Creek County,Oklahoma,Tulsa-Muskogee-Bartlesville,OK
Okmulgee County,Oklahoma,Tulsa-Muskogee-Bartlesville,OK
Osage County,Oklahoma,Tulsa-Muskogee-Bartlesville,OK
Pawnee County,Oklahoma,Tulsa-Muskogee-Bartlesville,OK
Rogers County,Oklahoma,Tulsa-Muskogee-Bartlesville,OK
Tulsa County,Oklahoma,Tulsa-Muskogee-Bartlesville,OK
Wagoner County,Oklahoma,Tulsa-Muskogee-Bartlesville,OK
Itawamba County,Mississippi,Tupelo-Corinth,MS
Lee County,Mississippi,Tupelo-Corinth,MS
Pontotoc County,Mississippi,Tupelo-Corinth,MS
Prentiss County,Mississippi,Tupelo-Corinth,MS
Greene County,Alabama,,
Hale County,Alabama,,
Pickens County,Alabama,,
Tuscaloosa County,Alabama,,
Jerome County,Idaho,,
Twin Falls County,Idaho,,
Smith County,Texas,Tyler-Jacksonville,TX
Mendocino County,California,,
Union County,South Carolina,Greenville-Spartanburg-Anderson,SC
Obion County,Tennessee,Martin-Union City,TN
Champaign County,Ohio,Dayton-Springfield-Kettering,OH
Honolulu County,Hawaii,,
Herkimer County,New York,,
Oneida County,New York,,
Uvalde County,Texas,,
Brooks County,Georgia,,
Echols County,Georgia,,
Lanier County,Georgia,,
Lowndes County,Georgia,,
Solano County,California,San Jose-San Francisco-Oakland,CA
Solano County,California,San Jose-San Francisco-Oakland,CA
Van Wert County,Ohio,Lima-Van Wert-Celina,OH
Clay County,South Dakota,,
Uintah County,Utah,,
Wilbarger County,Texas,,
Warren County,Mississippi,Jackson-Vicksburg-Brookhaven,MS
Goliad County,Texas,Victoria-Port Lavaca,TX
Victoria County,Texas,Victoria-Port Lavaca,TX
Montgomery County,Georgia,,
Toombs County,Georgia,,
Knox County,Indiana,,
Cumberland County,New Jersey,Philadelphia-Reading-Camden,PA-NJ-DE-MD
Dukes County,Massachusetts,,
Camden County,North Carolina,Virginia Beach-Norfolk,VA-NC
Currituck County,North Carolina,Virginia Beach-Norfolk,VA-NC
Gates County,North Carolina,Virginia Beach-Norfolk,VA-NC
Gloucester County,Virginia,Virginia Beach-Norfolk,VA-NC
Isle of Wight County,Virginia,Virginia Beach-Norfolk,VA-NC
James City County,Virginia,Virginia Beach-Norfolk,VA-NC
Mathews County,Virginia,Virginia Beach-Norfolk,VA-NC
Southampton County,Virginia,Virginia Beach-Norfolk,VA-NC
York County,Virginia,Virginia Beach-Norfolk,VA-NC
Chesapeake city,Virginia,Virginia Beach-Norfolk,VA-NC
Franklin city,Virginia,Virginia Beach-Norfolk,VA-NC
Hampton city,Virginia,Virginia Beach-Norfolk,VA-NC
Newport News city,Virginia,Virginia Beach-Norfolk,VA-NC
Norfolk city,Virginia,Virginia Beach-Norfolk,VA-NC
Poquoson city,Virginia,Virginia Beach-Norfolk,VA-NC
Portsmouth city,Virginia,Virginia Beach-Norfolk,VA-NC
Suffolk city,Virginia,Virginia Beach-Norfolk,VA-NC
Virginia Beach city,Virginia,Virginia Beach-Norfolk,VA-NC
Williamsburg city,Virginia,Virginia Beach-Norfolk,VA-NC
Tulare County,California,,
Wabash County,Indiana,,
Falls County,Texas,,
McLennan County,Texas,,
Wilkin County,Minnesota,Fargo-Wahpeton,ND-MN
Richland County,North Dakota,Fargo-Wahpeton,ND-MN
Walla Walla County,Washington,Kennewick-Richland-Walla Walla,WA
Auglaize County,Ohio,Lima-Van Wert-Celina,OH
Auglaize County,Ohio,Lima-Van Wert-Celina,OH
Houston County,Georgia,Macon-Bibb County--Warner Robins,GA
Houston County,Georgia,Macon-Bibb County--Warner Robins,GA
Peach County,Georgia,Macon-Bibb County--Warner Robins,GA
Peach County,Georgia,Macon-Bibb County--Warner Robins,GA
Warren County,Pennsylvania,,
Johnson County,Missouri,Kansas City-Overland Park-Kansas City,MO-KS
Kosciusko County,Indiana,South Bend-Elkhart-Mishawaka,IN-MI
Daviess County,Indiana,,
Beaufort County,North Carolina,Greenville-Kinston-Washington,NC
Frederick County,Maryland,Washington-Baltimore-Arlington,DC-MD-VA-WV-PA
Montgomery County,Maryland,Washington-Baltimore-Arlington,DC-MD-VA-WV-PA
District of Columbia,District of Columbia,Washington-Baltimore-Arlington,DC-MD-VA-WV-PA
Calvert County,Maryland,Washington-Baltimore-Arlington,DC-MD-VA-WV-PA
Charles County,Maryland,Washington-Baltimore-Arlington,DC-MD-VA-WV-PA
Prince George's County,Maryland,Washington-Baltimore-Arlington,DC-MD-VA-WV-PA
Arlington County,Virginia,Washington-Baltimore-Arlington,DC-MD-VA-WV-PA
Clarke County,Virginia,Washington-Baltimore-Arlington,DC-MD-VA-WV-PA
Culpeper County,Virginia,Washington-Baltimore-Arlington,DC-MD-VA-WV-PA
Fairfax County,Virginia,Washington-Baltimore-Arlington,DC-MD-VA-WV-PA
Fauquier County,Virginia,Washington-Baltimore-Arlington,DC-MD-VA-WV-PA
Loudoun County,Virginia,Washington-Baltimore-Arlington,DC-MD-VA-WV-PA
Madison County,Virginia,Washington-Baltimore-Arlington,DC-MD-VA-WV-PA
Prince William County,Virginia,Washington-Baltimore-Arlington,DC-MD-VA-WV-PA
Rappahannock County,Virginia,Washington-Baltimore-Arlington,DC-MD-VA-WV-PA
Spotsylvania County,Virginia,Washington-Baltimore-Arlington,DC-MD-VA-WV-PA
Stafford County,Virginia,Washington-Baltimore-Arlington,DC-MD-VA-WV-PA
Warren County,Virginia,Washington-Baltimore-Arlington,DC-MD-VA-WV-PA
Alexandria city,Virginia,Washington-Baltimore-Arlington,DC-MD-VA-WV-PA
Fairfax city,Virginia,Washington-Baltimore-Arlington,DC-MD-VA-WV-PA
Falls Church city,Virginia,Washington-Baltimore-Arlington,DC-MD-VA-WV-PA
Fredericksburg city,Virginia,Washington-Baltimore-Arlington,DC-MD-VA-WV-PA
Manassas city,Virginia,Washington-Baltimore-Arlington,DC-MD-VA-WV-PA
Manassas Park city,Virginia,Washington-Baltimore-Arlington,DC-MD-VA-WV-PA
Jefferson County,West Virginia,Washington-Baltimore-Arlington,DC-MD-VA-WV-PA
Fayette County,Ohio,Columbus-Marion-Zanesville,OH
Black Hawk County,Iowa,,
Bremer County,Iowa,,
Grundy County,Iowa,,
Codington County,South Dakota,,
Hamlin County,South Dakota,,
Jefferson County,Wisconsin,Milwaukee-Racine-Waukesha,WI
Jefferson County,New York,,
Hardee County,Florida,Orlando-Lakeland-Deltona,FL
Lincoln County,Wisconsin,Wausau-Stevens Point-Wisconsin Rapids,WI
Marathon County,Wisconsin,Wausau-Stevens Point-Wisconsin Rapids,WI
Pierce County,Georgia,,
Ware County,Georgia,,
Custer County,Oklahoma,,
Jefferson County,Ohio,Pittsburgh-New Castle-Weirton,PA-OH-WV
Brooke County,West Virginia,Pittsburgh-New Castle-Weirton,PA-OH-WV
Hancock County,West Virginia,Pittsburgh-New Castle-Weirton,PA-OH-WV
Chelan County,Washington,,
Douglas County,Washington,,
Howell County,Missouri,,
Clay County,Mississippi,Columbus-West Point,MS
Belmont County,Ohio,,
Marshall County,West Virginia,,
Ohio County,West Virginia,,
Walworth County,Wisconsin,Milwaukee-Racine-Waukesha,WI
Butler County,Kansas,Wichita-Winfield,KS
Harvey County,Kansas,Wichita-Winfield,KS
Sedgwick County,Kansas,Wichita-Winfield,KS
Sumner County,Kansas,Wichita-Winfield,KS
Archer County,Texas,,
Clay County,Texas,,
Wichita County,Texas,,
Lycoming County,Pennsylvania,Williamsport-Lock Haven,PA
Williams County,North Dakota,,
Kandiyohi County,Minnesota,,
New Hanover County,North Carolina,Myrtle Beach-Conway,SC-NC
New Hanover County,North Carolina,,
Pender County,North Carolina,,
Clinton County,Ohio,Cincinnati-Wilmington-Maysville,OH-KY-IN
Wilson County,North Carolina,Rocky Mount-Wilson-Roanoke Rapids,NC
Frederick County,Virginia,Washington-Baltimore-Arlington,DC-MD-VA-WV-PA
Winchester city,Virginia,Washington-Baltimore-Arlington,DC-MD-VA-WV-PA
Hampshire County,West Virginia,Washington-Baltimore-Arlington,DC-MD-VA-WV-PA
Cowley County,Kansas,Wichita-Winfield,KS
Humboldt County,Nevada,,
Winona County,Minnesota,,
Davidson County,North Carolina,Greensboro--Winston-Salem--High Point,NC
Davie County,North Carolina,Greensboro--Winston-Salem--High Point,NC
Forsyth County,North Carolina,Greensboro--Winston-Salem--High Point,NC
Stokes County,North Carolina,Greensboro--Winston-Salem--High Point,NC
Yadkin County,North Carolina,Greensboro--Winston-Salem--High Point,NC
Wood County,Wisconsin,Wausau-Stevens Point-Wisconsin Rapids,WI
Ellis County,Oklahoma,,
Woodward County,Oklahoma,,
Wayne County,Ohio,Cleveland-Akron-Canton,OH
Windham County,Connecticut,Boston-Worcester-Providence,MA-RI-NH-CT
Worcester County,Massachusetts,Boston-Worcester-Providence,MA-RI-NH-CT
Worcester County,Massachusetts,Boston-Worcester-Providence,MA-RI-NH-CT
Worcester County,Massachusetts,,
Worcester County,Massachusetts,Boston-Worcester-Providence,MA-RI-NH-CT
Worcester County,Massachusetts,Boston-Worcester-Providence,MA-RI-NH-CT
Nobles County,Minnesota,,
Yakima County,Washington,,
Yankton County,South Dakota,,
Guánica Municipio,Puerto Rico,Ponce-Yauco-Coamo,PR
Guayanilla Municipio,Puerto Rico,Ponce-Yauco-Coamo,PR
Guayanilla Municipio,Puerto Rico,Ponce-Yauco-Coamo,PR
Peñuelas Municipio,Puerto Rico,Ponce-Yauco-Coamo,PR
Peñuelas Municipio,Puerto Rico,Ponce-Yauco-Coamo,PR
Yauco Municipio,Puerto Rico,Ponce-Yauco-Coamo,PR
Yauco Municipio,Puerto Rico,Ponce-Yauco-Coamo,PR
York County,Pennsylvania,Harrisburg-York-Lebanon,PA
Mahoning County,Ohio,Youngstown-Warren,OH-PA
Trumbull County,Ohio,Youngstown-Warren,OH-PA
Mercer County,Pennsylvania,Youngstown-Warren,OH-PA
Sutter County,California,Sacramento-Roseville,CA
Yuba County,California,Sacramento-Roseville,CA
Yuma County,Arizona,,
Muskingum County,Ohio,Columbus-Marion-Zanesville,OH
Zapata County,Texas,,
